original_works,category
卯酉东海道,CD
东方灵异传,PC98
东方怪绮谈,PC98
幺乐团的历史 vol.5,PC98CD
东方幻想乡,PC98
东方幻想的音乐,CD
东方幻想怀古曲,CD
东方紫香花,Books
幺乐团的历史 vol.1,PC98CD
神魔讨绮传,Other
东方幻想麻将,Other
秋霜玉,Seihou
东方虹龙洞,TH16To20
旧约酒馆,CD
秘封噩梦日记,TH16To20
东方鬼形兽,TH16To20
灵长新益京,CD
东方妖妖梦,TH06To09
东方星莲船,TH13To15
东方刚欲异闻,TH16To20
贪欲之兽的音乐,FTGCD
稀翁玉,Seihou
东方封魔录,PC98
幺乐团的历史 vol.3,PC98CD
东方天空璋,TH16To20
七夕坂梦幻能,CD
东方萃梦想,TwilightFrontierWorks
幻想曲拔萃,FTGCD
大空魔术,CD
东方神灵庙,TH13To15
鸟船遗迹,CD
东方梦时空,PC98
幺乐团的历史 vol.4,PC98CD
燕石博物志,CD
幺乐团的历史 vol.2,PC98CD
东方永夜抄,TH06To09
梦违科学世纪,CD
东方风神录,TH10To12
东方锦上京,Other
东方花映塚,TH06To09
东方绯想天,TwilightFrontierWorks
全人类的天乐录,CD
东方地灵殿,TH10To12
伊奘诺物质,CD
东方求闻史纪,Books
东方深秘录,TwilightFrontierWorks
深秘乐曲集,FTGCD
深秘乐曲集・补,FTGCD
东方外来韦编,Books
东方凭依华,TwilightFrontierWorks
完全凭依唱片名录,FTGCD
东方心绮楼,TwilightFrontierWorks
暗黑能乐集心绮楼,FTGCD
东方红魔乡,TH06To09
妖精大战争,TH06To09
弹幕狂们的黑市,TH16To20
Torte Le Magic,Other
东方辉针城,TH13To15
东方三月精 O,Books
东方三月精 S,Books
东方三月精 E,Books
弹幕天邪鬼,TH13To15
8BIT MUSIC POWER FINAL,Other
8BIT MUSIC POWER FINAL - RIKI collection -,Other
キラキラスターナイト,Other
8BIT MUSIC POWER - RIKI collection -,Other
东方文花帖 DS,TH06To09
东方绀珠传,TH13To15
蓬莱人形,CD
上海爱丽丝幻乐团公式站,Other
东方非想天则,TwilightFrontierWorks
核热造神非想天则,FTGCD
东方兽王园,TH16To20
东方弹幕神乐：失落幻想,Other
数字原声集,Other
虹色的北斗七星,CD
莲台野夜行,CD
东方文花帖,TH06To09
东方铃奈庵,Books
东方文花帖（书籍）,Books
Cradle - 东方幻乐祀典,CD
东方儚月抄（漫画）,Books
The Grimoire of Marisa,Books
未知之花 魅知之旅,CD
东方音焰火,Other
INDIE Live Expo,Other
黄昏酒场,Other
Neo Gian,Other
东方书谱,Other