music_name,music_url,translate_names
53分钟的蓝色大海,https://thwiki.cc/53%E5%88%86%E9%92%9F%E7%9A%84%E8%93%9D%E8%89%B2%E5%A4%A7%E6%B5%B7,53ミニッツの青い海|53分钟的蓝色大海|Blue Sea of 53 Minutes
A Sacred Lot,https://thwiki.cc/A_Sacred_Lot,A Sacred Lot|A Sacred Lot|A Sacred Lot|神圣之地|神圣的命运
Alice Maestra,https://thwiki.cc/Alice_Maestra,アリスマエステラ|Alice Maestra|Alice Maestra
AN ORDEAL FROM GOD,https://thwiki.cc/AN_ORDEAL_FROM_GOD,AN ORDEAL FROM GOD|AN ORDEAL FROM GOD|AN ORDEAL FROM GOD|来自神的考验
Antique Terror,https://thwiki.cc/Antique_Terror,アンティークテラー|Antique Terror|Antique Terror|古老的恐怖
Arcadian Dream,https://thwiki.cc/Arcadian_Dream,Arcadian Dream|Arcadian Dream|Arcadian Dream|幻想之梦
Bad Apple!!,https://thwiki.cc/Bad_Apple!!,Bad Apple!!|Bad Apple!!|Bad Apple!!
Banditry Technology,https://thwiki.cc/Banditry_Technology,バンデットリィテクノロジー|Banditry Technology|Banditry Technology
Bar·Old Adam,https://thwiki.cc/Bar%C2%B7Old_Adam,"バー・オールドアダム|Bar·Old Adam|""Old Adam"" Bar|老亚当酒吧"
Beast Metropolis,https://thwiki.cc/Beast_Metropolis,ビーストメトロポリス|Beast Metropolis|Beast Metropolis|野兽大都会
Border Land,https://thwiki.cc/Border_Land,Border Land|Border Land|Border Land|边境之地
Border of Life,https://thwiki.cc/Border_of_Life,ボーダーオブライフ|Border of Life|Border of Life|生死之境‎
Break the Sabbath,https://thwiki.cc/Break_the_Sabbath,Break the Sabbath|Break the Sabbath|Break the Sabbath|打破安息日
Captain Murasa,https://thwiki.cc/Captain_Murasa,キャプテン・ムラサ|Captain Murasa|Captain Murasa|村纱船长‎
Castle Explorer -in the Sky-,https://thwiki.cc/Castle_Explorer_-in_the_Sky-,Castle Explorer -in the Sky-|Castle Explorer -in the Sky-|Castle Explorer -in the Sky-
Complete Darkness,https://thwiki.cc/Complete_Darkness,Complete Darkness|Complete Darkness|Complete Darkness|全然黑暗
Crazy Back Dancers,https://thwiki.cc/Crazy_Back_Dancers,クレイジーバックダンサーズ|Crazy Back Dancers|Crazy Backup Dancers|疯狂的背景舞者
Crescent Dream,https://thwiki.cc/Crescent_Dream,Crescent Dream|Crescent Dream|Crescent Dream|月牙之梦|新月之梦
Crystallize Silver,https://thwiki.cc/Crystallize_Silver,クリスタライズシルバー|Crystallize Silver|Crystallized Silver
Days,https://thwiki.cc/Days,Days|Days|Days
Demystify Feast,https://thwiki.cc/Demystify_Feast,Demystify Feast|Demystify Feast|Demystify Feast|揭开宴会的秘密
Desire Dream,https://thwiki.cc/Desire_Dream,デザイアドリーム|Desire Dream|Desire Dream|欲之梦|欲望之梦
Desire Drive,https://thwiki.cc/Desire_Drive,デザイアドライブ|Desire Drive|Desire Drive|欲望驱动|欲望加速
Dim. Dream,https://thwiki.cc/Dim._Dream,Dim. Dream|Dim. Dream|Dim. Dream
Disastrous Gemini,https://thwiki.cc/Disastrous_Gemini,ディザストラスジェミニ|Disastrous Gemini|Disastrous Gemini|灾难的双子座‎
Dr. Latency的令人不眠之瞳,https://thwiki.cc/Dr._Latency%E7%9A%84%E4%BB%A4%E4%BA%BA%E4%B8%8D%E7%9C%A0%E4%B9%8B%E7%9E%B3,Dr.レイテンシーの眠れなくなる瞳|Dr. Latency的令人不眠之瞳|Dr. Latency's Sleepless Eyes
Dream Express,https://thwiki.cc/Dream_Express,Dream Express|Dream Express|Dream Express|梦之特快车|梦幻快车
Dream Land,https://thwiki.cc/Dream_Land,Dream Land|Dream Land|Dream Land|梦幻之地
Dreamy pilot,https://thwiki.cc/Dreamy_pilot,Dreamy pilot|Dreamy pilot|Dreamy pilot|梦幻驾驶员
Electric Heritage,https://thwiki.cc/Electric_Heritage,エレクトリックヘリテージ|Electric Heritage|Electric Heritage|电子遗产
End of Daylight,https://thwiki.cc/End_of_Daylight,End of Daylight|End of Daylight|End of Daylight
Endless,https://thwiki.cc/Endless,Endless|Endless|Endless
Eternal Dream　～ 幽玄的枫树,https://thwiki.cc/Eternal_Dream_%EF%BD%9E_%E5%B9%BD%E7%8E%84%E7%9A%84%E6%9E%AB%E6%A0%91,Eternal Dream　～ 幽玄の槭樹|Eternal Dream　～ 幽玄的枫树|Eternal Dream ~ Mystical Maple
Extend Ash　～ 蓬莱人,https://thwiki.cc/Extend_Ash_%EF%BD%9E_%E8%93%AC%E8%8E%B1%E4%BA%BA,エクステンドアッシュ　～ 蓬莱人|Extend Ash　～ 蓬莱人|Extend Ash ~ Person of Hourai
Extra Love,https://thwiki.cc/Extra_Love,エキストララブ|Extra Love|Extra Love|额外的喜爱
Fall of Fall　～ 秋意渐浓之瀑,https://thwiki.cc/Fall_of_Fall_%EF%BD%9E_%E7%A7%8B%E6%84%8F%E6%B8%90%E6%B5%93%E4%B9%8B%E7%80%91,フォールオブフォール　～ 秋めく滝|Fall of Fall　～ 秋意渐浓之瀑|Fall of Fall ~ Autumnal Waterfall
False Strawberry,https://thwiki.cc/False_Strawberry,フォルスストロベリー|False Strawberry|False Strawberry|伪莓|虚假的草莓‎
Fantastic Drift,https://thwiki.cc/Fantastic_Drift,ファンタスティックドリフト|Fantastic Drift|Fantastic Drift|奇幻漂流
Flowering Night,https://thwiki.cc/Flowering_Night,フラワリングナイト|Flowering Night|Flowering Night|花开之夜
Four-Color Labyrinth,https://thwiki.cc/Four-Color_Labyrinth,フォーカラーラビリンス|Four-Color Labyrinth|Four-Color Labyrinth|四色迷宫
Frontal Attack,https://thwiki.cc/Frontal_Attack,Frontal Attack|Frontal Attack|Frontal Attack|正面攻击
G Free,https://thwiki.cc/G_Free,G Free|G Free|G Free
Game Over,https://thwiki.cc/Game_Over,ゲームオーバー|Game Over|Game Over
Ghost Lead,https://thwiki.cc/Ghost_Lead,ゴーストリード|Ghost Lead|Ghost Lead|亡灵的引导
Heartfelt Fancy,https://thwiki.cc/Heartfelt_Fancy,ハートフェルトファンシー|Heartfelt Fancy|Heartfelt Fancy|由衷的幻想|从心底萌发的幻想
Herselves,https://thwiki.cc/Herselves,ハーセルヴズ|Herselves|Herselves|她们自己
Highly Responsive to Prayers,https://thwiki.cc/Highly_Responsive_to_Prayers,Highly Responsive to Prayers|Highly Responsive to Prayers|Highly Responsive to Prayers
Incomplete Plot,https://thwiki.cc/Incomplete_Plot,Incomplete Plot|Incomplete Plot|Incomplete Plot|未完成的剧情
Init,https://thwiki.cc/Init,Init|Init|Init|「ZUN Soft」表示音
Into Backdoor,https://thwiki.cc/Into_Backdoor,イントゥ・バックドア|Into Backdoor|Into Backdoor|进入后门
Inventive City,https://thwiki.cc/Inventive_City,Inventive City|Inventive City|Inventive City|创新之都
Japanese Saga,https://thwiki.cc/Japanese_Saga,ジャパニーズサーガ|Japanese Saga|Japanese Saga|日本的传奇|日本物语
Jelly Stone,https://thwiki.cc/Jelly_Stone,ジェリーストーン|Jelly Stone|Jelly Stone|水母石
Last Occultism　～ 现世的秘术师,https://thwiki.cc/Last_Occultism_%EF%BD%9E_%E7%8E%B0%E4%B8%96%E7%9A%84%E7%A7%98%E6%9C%AF%E5%B8%88,ラストオカルティズム　～ 現し世の秘術師|Last Occultism　～ 现世的秘术师|Last Occultism ~ Esotericist of the Present World
Last Remote,https://thwiki.cc/Last_Remote,ラストリモート|Last Remote|Last Remote
Lastword发动,https://thwiki.cc/Lastword%E5%8F%91%E5%8A%A8,ラストワード発動|Lastword发动|Last Word Unleashed
Locked Girl　～ 少女密室,https://thwiki.cc/Locked_Girl_%EF%BD%9E_%E5%B0%91%E5%A5%B3%E5%AF%86%E5%AE%A4,ラクトガール　～ 少女密室|Locked Girl　～ 少女密室|Locked Girl ~ The Girl's Sealed Room
Loose Rain,https://thwiki.cc/Loose_Rain,ルーズレイン|Loose Rain|Loose Rain|散漫之雨
Lost River,https://thwiki.cc/Lost_River,ロストリバー|Lost River|Lost River|迷失之河|失落之河
Lotus Love,https://thwiki.cc/Lotus_Love,Lotus Love|Lotus Love|Lotus Love|忘忧之爱|莲之爱
Lotus Road,https://thwiki.cc/Lotus_Road,Lotus Road|Lotus Road|Lotus Road|忘忧之路|莲之道
Lucid Dreamer,https://thwiki.cc/Lucid_Dreamer,ルーシッドドリーマー|Lucid Dreamer|Lucid Dreamer|清醒的梦中人
Lunar Rainbow,https://thwiki.cc/Lunar_Rainbow,ルナレインボー|Lunar Rainbow|Lunar Rainbow|月虹
Lunate Elf,https://thwiki.cc/Lunate_Elf,ルーネイトエルフ|Lunate Elf|Lunate Elf|新月般的妖精‎
Lunatic Dreamer,https://thwiki.cc/Lunatic_Dreamer,ルナティックドリーマー|Lunatic Dreamer|Lunatic Dreamer|疯狂的梦中人
Magic of Life,https://thwiki.cc/Magic_of_Life,Magic of Life|Magic of Life|Magic of Life
Magic Shop of Raspberry,https://thwiki.cc/Magic_Shop_of_Raspberry,Magic Shop of Raspberry|Magic Shop of Raspberry|Magic Shop of Raspberry|树莓魔法商店|树莓魔法店
Magical and Hopeless,https://thwiki.cc/Magical_and_Hopeless,Magical and Hopeless|Magical and Hopeless|Magical and Hopeless|魔幻与绝望
Magical Storm,https://thwiki.cc/Magical_Storm,マジカルストーム|Magical Storm|Magical Storm|魔法风暴|魔力的风暴
Magus Night,https://thwiki.cc/Magus_Night,メイガスナイト|Magus Night|Magus Night|魔法使之夜|魔法师之夜|贤者之夜|魔法骑士|魔法师骑士|Magus Knight|祭司骑士
Maniacal Princess,https://thwiki.cc/Maniacal_Princess,Maniacal Princess|Maniacal Princess|Maniacal Princess|狂热的公主|疯狂的公主
Maple Dream...,https://thwiki.cc/Maple_Dream...,Maple Dream...|Maple Dream...|Maple Dream...|枫之梦...
Maple Wise,https://thwiki.cc/Maple_Wise,メイプルワイズ|Maple Wise|Maple Wise|枫之智慧
Midnight Spell Card,https://thwiki.cc/Midnight_Spell_Card,ミッドナイトスペルカード|Midnight Spell Card|Midnight Spell Card|午夜符卡‎
Mist Lake,https://thwiki.cc/Mist_Lake,ミストレイク|Mist Lake|Mist Lake|雾之湖
Mushroom·Waltz,https://thwiki.cc/Mushroom%C2%B7Waltz,マッシュルーム・ワルツ|Mushroom·Waltz|Mushroom Waltz|蘑菇华尔兹
"My Maid, Sweet Maid","https://thwiki.cc/My_Maid,_Sweet_Maid","My Maid, Sweet Maid|My Maid, Sweet Maid|My Maid, Sweet Maid|我的女仆，我甜美的女仆"
Mysterious Shrine,https://thwiki.cc/Mysterious_Shrine,Mysterious Shrine|Mysterious Shrine|Mysterious Shrine|神秘的神社
Mystic Dream,https://thwiki.cc/Mystic_Dream,Mystic Dream|Mystic Dream|Mystic Dream|神秘之梦
Native Faith,https://thwiki.cc/Native_Faith,ネイティブフェイス|Native Faith|Native Faith|土著神的信仰
Necro-Fantasia,https://thwiki.cc/Necro-Fantasia,ネクロファンタジア|Necro-Fantasia|Necrofantasia|死亡幻想曲|亡灵幻想曲
Newshound,https://thwiki.cc/Newshound,ニュースハウンド|Newshound|Newshound|狗仔队
Nightmare Diary,https://thwiki.cc/Nightmare_Diary,ナイトメアダイアリー|Nightmare Diary|Nightmare Diary|噩梦日记|梦魇日志
Oriental Dark Flight,https://thwiki.cc/Oriental_Dark_Flight,オリエンタルダークフライト|Oriental Dark Flight|Oriental Dark Flight
Oriental Magician,https://thwiki.cc/Oriental_Magician,Oriental Magician|Oriental Magician|Oriental Magician|东方的魔术师|东方的魔法使
Outsider Cocktail,https://thwiki.cc/Outsider_Cocktail,アウトサイダーカクテル|Outsider Cocktail|Outsider Cocktail|外人鸡尾酒
Pandemonic Planet,https://thwiki.cc/Pandemonic_Planet,パンデモニックプラネット|Pandemonic Planet|Pandemonic Planet|万魔星球|潘地漫尼克星球
Peaceful,https://thwiki.cc/Peaceful,Peaceful|Peaceful|Peaceful
Peaceful Romancer,https://thwiki.cc/Peaceful_Romancer,Peaceful Romancer|Peaceful Romancer|Peaceful Romancer
Phantasmagoria,https://thwiki.cc/Phantasmagoria,Phantasmagoria|Phantasmagoria|Phantasmagoria
Plain Asia,https://thwiki.cc/Plain_Asia,プレインエイジア|Plain Asia|Plain Asia|一如既往的东方|东方的平原
Plastic Mind,https://thwiki.cc/Plastic_Mind,プラスチックマインド|Plastic Mind|Plastic Mind
Plastic Space,https://thwiki.cc/Plastic_Space,Plastic Space|Plastic Space|Plastic Space|可塑性空间
Player's Score,https://thwiki.cc/Player%27s_Score,プレイヤーズスコア|Player's Score|Player's Score|玩家得分|玩家的分数
Primrose Shiver,https://thwiki.cc/Primrose_Shiver,プリムローズシヴァ|Primrose Shiver|Primrose Shiver|战栗的樱草
Pure Furies　～ 心之所在,https://thwiki.cc/Pure_Furies_%EF%BD%9E_%E5%BF%83%E4%B9%8B%E6%89%80%E5%9C%A8,ピュアヒューリーズ　～ 心の在処|Pure Furies　～ 心之所在|Pure Furies ~ Whereabouts of the Heart
Reincarnation,https://thwiki.cc/Reincarnation,Reincarnation|Reincarnation|Reincarnation|重生
Reverse Ideology,https://thwiki.cc/Reverse_Ideology,リバースイデオロギー|Reverse Ideology|Reverse Ideology|颠倒世界观|倒转的世界观|颠倒的观念
Rigid Paradise,https://thwiki.cc/Rigid_Paradise,リジッドパラダイス|Rigid Paradise|Rigid Paradise|僵硬的乐园
Romantic Children,https://thwiki.cc/Romantic_Children,Romantic Children|Romantic Children|Romantic Children|浪漫的孩子
Sacred Battle,https://thwiki.cc/Sacred_Battle,Sacred Battle|Sacred Battle|Sacred Battle|神圣之战
Sacred Forest,https://thwiki.cc/Sacred_Forest,セイクリッドフォレスト|Sacred Forest|Sacred Forest|神圣森林
Sailor of Time,https://thwiki.cc/Sailor_of_Time,Sailor of Time|Sailor of Time|Sailor of Time|时之水手
Selection,https://thwiki.cc/Selection,Selection|Selection|Selection
Selene's light,https://thwiki.cc/Selene%27s_light,Selene's light|Selene's light|Selene's light
Seraphic Chicken,https://thwiki.cc/Seraphic_Chicken,セラフィックチキン|Seraphic Chicken|Seraphic Chicken|如天使般的鸡
She's in a temper!!,https://thwiki.cc/She%27s_in_a_temper!!,She's in a temper!!|She's in a temper!!|She's in a temper!!|她怒了！！
Silk Road Alice,https://thwiki.cc/Silk_Road_Alice,シルクロードアリス|Silk Road Alice|Silk Road Alice|丝绸之路的爱丽丝‎
Sky Ruin,https://thwiki.cc/Sky_Ruin,スカイルーイン|Sky Ruin|Sky Ruin|天空遗迹
Sleep Sheep·Parade,https://thwiki.cc/Sleep_Sheep%C2%B7Parade,スリープシープ・パレード|Sleep Sheep·Parade|Sleep Sheep Parade|眠羊游行
Smoking Dragon,https://thwiki.cc/Smoking_Dragon,スモーキングドラゴン|Smoking Dragon|Smoking Dragon|吞云吐雾的龙
Star Voyage2008,https://thwiki.cc/Star_Voyage2008,スターヴォヤージュ2008|Star Voyage2008|Star Voyage 2008
Starbow Dream,https://thwiki.cc/Starbow_Dream,スターボウドリーム|Starbow Dream|Starbow Dream|星虹之梦
Strawberry Crisis!!,https://thwiki.cc/Strawberry_Crisis!!,Strawberry Crisis!!|Strawberry Crisis!!|Strawberry Crisis!!|草莓危机！！
Sunny Rutile Flection,https://thwiki.cc/Sunny_Rutile_Flection,サニールチルフレクション|Sunny Rutile Flection|Sunny Rutile Flection|桑尼金红石折射‎
Tabula rasa　～ 空白少女,https://thwiki.cc/Tabula_rasa_%EF%BD%9E_%E7%A9%BA%E7%99%BD%E5%B0%91%E5%A5%B3,Tabula rasa　～空白少女|Tabula rasa　～ 空白少女|Tabula rasa ~ The Empty Girl
the Grimoire of Alice,https://thwiki.cc/the_Grimoire_of_Alice,the Grimoire of Alice|the Grimoire of Alice|the Grimoire of Alice|爱丽丝的魔法书
the Last Judgement,https://thwiki.cc/the_Last_Judgement,the Last Judgement|the Last Judgement|the Last Judgement|最后的审判|最终审判
The Legend of KAGE,https://thwiki.cc/The_Legend_of_KAGE,The Legend of KAGE|The Legend of KAGE|The Legend of KAGE|影之传说
The Positive and Negative,https://thwiki.cc/The_Positive_and_Negative,The Positive and Negative|The Positive and Negative|Positive and Negative|阴与阳
Theme of Eastern Story,https://thwiki.cc/Theme_of_Eastern_Story,テーマ・オブ・イースタンストーリー|Theme of Eastern Story|Theme of Eastern Story
Tiny Shangri-La,https://thwiki.cc/Tiny_Shangri-La,タイニーシャングリラ|Tiny Shangri-La|Tiny Shangri-La|小小的香格里拉
Titled Maid,https://thwiki.cc/Titled_Maid,タイトルドメイド|Titled Maid|Titled Maid|有头衔的女仆
Tortoise Dragon　～ 幸运与不幸,https://thwiki.cc/Tortoise_Dragon_%EF%BD%9E_%E5%B9%B8%E8%BF%90%E4%B8%8E%E4%B8%8D%E5%B9%B8,トータスドラゴン　～ 幸運と不運|Tortoise Dragon　～ 幸运与不幸|Tortoise Dragon ~ Fortune and Misfortune
U.N.OWEN就是她吗？,https://thwiki.cc/U.N.OWEN%E5%B0%B1%E6%98%AF%E5%A5%B9%E5%90%97%EF%BC%9F,U.N.オーエンは彼女なのか？|U.N.OWEN就是她吗？|U.N. Owen Was Her?
Ultimate Truth,https://thwiki.cc/Ultimate_Truth,アルティメットトゥルース|Ultimate Truth|Ultimate Truth|究极的真实‎
Unlocated Hell,https://thwiki.cc/Unlocated_Hell,アンロケイテッドヘル|Unlocated Hell|Unlocated Hell|未定位的地狱
Voyage1969,https://thwiki.cc/Voyage1969,ヴォヤージュ1969|Voyage1969|Voyage 1969|旅人1969
Voyage1970,https://thwiki.cc/Voyage1970,ヴォヤージュ1970|Voyage1970|Voyage 1970|旅人1970
Witch of Love Potion,https://thwiki.cc/Witch_of_Love_Potion,Witch of Love Potion|Witch of Love Potion|Witch of Love Potion|爱情魔药的魔女|媚药的女巫
Witching Dream,https://thwiki.cc/Witching_Dream,Witching Dream|Witching Dream|Witching Dream
七玉搜集大摊牌,https://thwiki.cc/%E4%B8%83%E7%8E%89%E6%90%9C%E9%9B%86%E5%A4%A7%E6%91%8A%E7%89%8C,七玉蒐集ショウダウン|七玉搜集大摊牌|Seven-Orb Collection Showdown
七石之狼、登天吞云,https://thwiki.cc/%E4%B8%83%E7%9F%B3%E4%B9%8B%E7%8B%BC%E3%80%81%E7%99%BB%E5%A4%A9%E5%90%9E%E4%BA%91,七ツ石の狼、雲を取りに駆ける|七石之狼、登天吞云|The Wolves of Nanatsuishi Dash to Seize the Clouds
上海红茶馆　～ Chinese Tea,https://thwiki.cc/%E4%B8%8A%E6%B5%B7%E7%BA%A2%E8%8C%B6%E9%A6%86_%EF%BD%9E_Chinese_Tea,上海紅茶館　～ Chinese Tea|上海红茶馆　～ Chinese Tea|Shanghai Scarlet Teahouse ~ Chinese Tea
不变的日常,https://thwiki.cc/%E4%B8%8D%E5%8F%98%E7%9A%84%E6%97%A5%E5%B8%B8,不変の日常|不变的日常|Unchanging Daily Life
不可不禁止的游戏,https://thwiki.cc/%E4%B8%8D%E5%8F%AF%E4%B8%8D%E7%A6%81%E6%AD%A2%E7%9A%84%E6%B8%B8%E6%88%8F,禁じざるをえない遊戯|不可不禁止的游戏|The Inevitably Forbidden Game|不得不禁止的游戏|无法回避的禁忌游戏
不可思议之国的爱丽丝,https://thwiki.cc/%E4%B8%8D%E5%8F%AF%E6%80%9D%E8%AE%AE%E4%B9%8B%E5%9B%BD%E7%9A%84%E7%88%B1%E4%B8%BD%E4%B8%9D,不思議の国のアリス|不可思议之国的爱丽丝|Alice in Wonderland
不可思议的驱魔棒,https://thwiki.cc/%E4%B8%8D%E5%8F%AF%E6%80%9D%E8%AE%AE%E7%9A%84%E9%A9%B1%E9%AD%94%E6%A3%92,不思議なお祓い棒|不可思议的驱魔棒|Mysterious Purification Rod|不可思议的御币
不回首的黄泉路,https://thwiki.cc/%E4%B8%8D%E5%9B%9E%E9%A6%96%E7%9A%84%E9%BB%84%E6%B3%89%E8%B7%AF,振り向かない黄泉の道|不回首的黄泉路|The Path to Yomi Where None Turn Back
不朽的曼珠沙华,https://thwiki.cc/%E4%B8%8D%E6%9C%BD%E7%9A%84%E6%9B%BC%E7%8F%A0%E6%B2%99%E5%8D%8E,不朽の曼珠沙華|不朽的曼珠沙华|Everlasting Red Spider Lily
不灭的赤魂,https://thwiki.cc/%E4%B8%8D%E7%81%AD%E7%9A%84%E8%B5%A4%E9%AD%82,不滅のレッドソウル|不灭的赤魂|Immortal Red Soul
不等式的廷克·贝尔,https://thwiki.cc/%E4%B8%8D%E7%AD%89%E5%BC%8F%E7%9A%84%E5%BB%B7%E5%85%8B%C2%B7%E8%B4%9D%E5%B0%94,不等式のティンカーベル|不等式的廷克·贝尔|Tinkerbell of Inequality|不等式的奇妙仙子
不自然的自然,https://thwiki.cc/%E4%B8%8D%E8%87%AA%E7%84%B6%E7%9A%84%E8%87%AA%E7%84%B6,不自然な自然|不自然的自然|Unnatural Nature
丑时三刻的村落,https://thwiki.cc/%E4%B8%91%E6%97%B6%E4%B8%89%E5%88%BB%E7%9A%84%E6%9D%91%E8%90%BD,丑三つ時の里|丑时三刻的村落|The Village in the Dead of Night|丑时三刻的村庄
世界的尽头　～ World's End,https://thwiki.cc/%E4%B8%96%E7%95%8C%E7%9A%84%E5%B0%BD%E5%A4%B4_%EF%BD%9E_World%27s_End,世界の果て　～ World's End|世界的尽头　～ World's End|End of the World ~ World's End
世间万物皆可爱,https://thwiki.cc/%E4%B8%96%E9%97%B4%E4%B8%87%E7%89%A9%E7%9A%86%E5%8F%AF%E7%88%B1,世界は可愛く出来ている|世间万物皆可爱|The World Is Made in an Adorable Way|世界如此可爱
业火地幔,https://thwiki.cc/%E4%B8%9A%E7%81%AB%E5%9C%B0%E5%B9%94,業火マントル|业火地幔|Hellfire Mantle
东之国的不眠夜,https://thwiki.cc/%E4%B8%9C%E4%B9%8B%E5%9B%BD%E7%9A%84%E4%B8%8D%E7%9C%A0%E5%A4%9C,東の国の眠らない夜|东之国的不眠夜|Sleepless Night of the Eastern Country
东方刚欲异闻,https://thwiki.cc/%E4%B8%9C%E6%96%B9%E5%88%9A%E6%AC%B2%E5%BC%82%E9%97%BB%EF%BC%88%E6%9B%B2%E7%9B%AE%EF%BC%89,東方剛欲異聞|东方刚欲异闻|Eastern Strange Tale of Avarice
东方妖妖梦　～ Ancient Temple,https://thwiki.cc/%E4%B8%9C%E6%96%B9%E5%A6%96%E5%A6%96%E6%A2%A6_%EF%BD%9E_Ancient_Temple,東方妖々夢　～ Ancient Temple|东方妖妖梦　～ Ancient Temple|Eastern Ghostly Dream ~ Ancient Temple
东方妖怪小町,https://thwiki.cc/%E4%B8%9C%E6%96%B9%E5%A6%96%E6%80%AA%E5%B0%8F%E7%94%BA,東方妖怪小町|东方妖怪小町|Eastern Youkai Beauty|东方妖怪美人|东方妖怪小镇
东方妖恋谈,https://thwiki.cc/%E4%B8%9C%E6%96%B9%E5%A6%96%E6%81%8B%E8%B0%88,東方妖恋談|东方妖恋谈|Eastern Mystical Love Consultation
东方封魔录　～净土曼荼罗,https://thwiki.cc/%E4%B8%9C%E6%96%B9%E5%B0%81%E9%AD%94%E5%BD%95_%EF%BD%9E%E5%87%80%E5%9C%9F%E6%9B%BC%E8%8D%BC%E7%BD%97,東方封魔録　～浄土曼荼羅|东方封魔录　～净土曼荼罗|Eastern Demon-Sealing Record ~ Pure Land Mandala
东方封魔录　～幽幻乱舞,https://thwiki.cc/%E4%B8%9C%E6%96%B9%E5%B0%81%E9%AD%94%E5%BD%95_%EF%BD%9E%E5%B9%BD%E5%B9%BB%E4%B9%B1%E8%88%9E,東方封魔録　～幽幻乱舞|东方封魔录　～幽幻乱舞|Eastern Demon-Sealing Record ~ Spectral Boisterous Dance
东方怪奇谈,https://thwiki.cc/%E4%B8%9C%E6%96%B9%E6%80%AA%E5%A5%87%E8%B0%88,東方怪奇談|东方怪奇谈|Eastern Strange Discourse
东方的蓝色天空,https://thwiki.cc/%E4%B8%9C%E6%96%B9%E7%9A%84%E8%93%9D%E8%89%B2%E5%A4%A9%E7%A9%BA,東方の青い空|东方的蓝色天空|Eastern Blue Sky
东方绯想天,https://thwiki.cc/%E4%B8%9C%E6%96%B9%E7%BB%AF%E6%83%B3%E5%A4%A9%EF%BC%88%E6%9B%B2%E7%9B%AE%EF%BC%89,東方緋想天|东方绯想天|Eastern Heaven of Scarlet Perception
东方萃梦想,https://thwiki.cc/%E4%B8%9C%E6%96%B9%E8%90%83%E6%A2%A6%E6%83%B3%EF%BC%88%E6%9B%B2%E7%9B%AE%EF%BC%89,東方萃夢想|东方萃梦想|Eastern Memory of Forgathering Dream
东风,https://thwiki.cc/%E4%B8%9C%E9%A3%8E,あゆのかぜ|东风|Eastern Wind
两方世界,https://thwiki.cc/%E4%B8%A4%E6%96%B9%E4%B8%96%E7%95%8C,二つの世界|两方世界|Two Worlds|两个世界
久远之梦,https://thwiki.cc/%E4%B9%85%E8%BF%9C%E4%B9%8B%E6%A2%A6,久遠の夢|久远之梦|Dream of Eternity
九月的南瓜,https://thwiki.cc/%E4%B9%9D%E6%9C%88%E7%9A%84%E5%8D%97%E7%93%9C,九月のパンプキン|九月的南瓜|September Pumpkin
争奇斗艳的凭依华,https://thwiki.cc/%E4%BA%89%E5%A5%87%E6%96%97%E8%89%B3%E7%9A%84%E5%87%AD%E4%BE%9D%E5%8D%8E,咲き誇る憑依華|争奇斗艳的凭依华|Possession Flowers in Full Bloom
事已至此就赌上性命来猜谜吧,https://thwiki.cc/%E4%BA%8B%E5%B7%B2%E8%87%B3%E6%AD%A4%E5%B0%B1%E8%B5%8C%E4%B8%8A%E6%80%A7%E5%91%BD%E6%9D%A5%E7%8C%9C%E8%B0%9C%E5%90%A7,どうせなら命を賭けて謎を解け|事已至此就赌上性命来猜谜吧|Might as Well Stake Your Life to Solve the Riddle
二人不值一提的博物志,https://thwiki.cc/%E4%BA%8C%E4%BA%BA%E4%B8%8D%E5%80%BC%E4%B8%80%E6%8F%90%E7%9A%84%E5%8D%9A%E7%89%A9%E5%BF%97,他愛も無い二人の博物誌|二人不值一提的博物志|The Childlike Duo's Naturalis Historia|天真无邪的二人的博物志
二色莲花蝶　～ Ancients,https://thwiki.cc/%E4%BA%8C%E8%89%B2%E8%8E%B2%E8%8A%B1%E8%9D%B6_%EF%BD%9E_Ancients,二色蓮花蝶　～ Ancients|二色莲花蝶　～ Ancients|Dichromatic Lotus Butterfly ~ Ancients
云外苍天,https://thwiki.cc/%E4%BA%91%E5%A4%96%E8%8B%8D%E5%A4%A9,雲外蒼天|云外苍天|Skies Beyond the Clouds
亡失的情感,https://thwiki.cc/%E4%BA%A1%E5%A4%B1%E7%9A%84%E6%83%85%E6%84%9F,亡失のエモーション|亡失的情感|The Lost Emotion
人偶存在的风景,https://thwiki.cc/%E4%BA%BA%E5%81%B6%E5%AD%98%E5%9C%A8%E7%9A%84%E9%A3%8E%E6%99%AF,人形のある風景|人偶存在的风景|Scenery with Dolls
人偶森林,https://thwiki.cc/%E4%BA%BA%E5%81%B6%E6%A3%AE%E6%9E%97,人形の森|人偶森林|Forest of Dolls
人偶裁判　～ 玩弄人形的少女,https://thwiki.cc/%E4%BA%BA%E5%81%B6%E8%A3%81%E5%88%A4_%EF%BD%9E_%E7%8E%A9%E5%BC%84%E4%BA%BA%E5%BD%A2%E7%9A%84%E5%B0%91%E5%A5%B3,人形裁判　～ 人の形弄びし少女|人偶裁判　～ 玩弄人形的少女|Doll Judgement ~ The Girl Who Played with People's Shapes
今宵是飘逸的利己主义者　～ Egoistic Flowers.,https://thwiki.cc/%E4%BB%8A%E5%AE%B5%E6%98%AF%E9%A3%98%E9%80%B8%E7%9A%84%E5%88%A9%E5%B7%B1%E4%B8%BB%E4%B9%89%E8%80%85_%EF%BD%9E_Egoistic_Flowers.,今宵は飄逸なエゴイスト　～ Egoistic Flowers.|今宵是飘逸的利己主义者　～ Egoistic Flowers.|Tonight Stars an Easygoing Egoist ~ Egoistic Flowers|今宵是飘逸的自我主义者　～ Egoistic Flowers.
今昔幻想乡　～ Flower Land,https://thwiki.cc/%E4%BB%8A%E6%98%94%E5%B9%BB%E6%83%B3%E4%B9%A1_%EF%BD%9E_Flower_Land,"今昔幻想郷　～ Flower Land|今昔幻想乡　～ Flower Land|Gensokyo, Past and Present ~ Flower Land"
从地下的归还,https://thwiki.cc/%E4%BB%8E%E5%9C%B0%E4%B8%8B%E7%9A%84%E5%BD%92%E8%BF%98,地下からの帰還|从地下的归还|Returning Home from the Underground
从神社所见之月,https://thwiki.cc/%E4%BB%8E%E7%A5%9E%E7%A4%BE%E6%89%80%E8%A7%81%E4%B9%8B%E6%9C%88,神社から見える月|从神社所见之月|The Moon As Seen From the Shrine
令人心跳的司空见惯幻想乡,https://thwiki.cc/%E4%BB%A4%E4%BA%BA%E5%BF%83%E8%B7%B3%E7%9A%84%E5%8F%B8%E7%A9%BA%E8%A7%81%E6%83%AF%E5%B9%BB%E6%83%B3%E4%B9%A1,ワクワクする見慣れた幻想郷|令人心跳的司空见惯幻想乡|An Exciting and Familiar Gensokyo
令人怀念的东方之血　～ Old World,https://thwiki.cc/%E4%BB%A4%E4%BA%BA%E6%80%80%E5%BF%B5%E7%9A%84%E4%B8%9C%E6%96%B9%E4%B9%8B%E8%A1%80_%EF%BD%9E_Old_World,懐かしき東方の血　～ Old World|令人怀念的东方之血　～ Old World|Nostalgic Blood of the East ~ Old World
以死相赌,https://thwiki.cc/%E4%BB%A5%E6%AD%BB%E7%9B%B8%E8%B5%8C,死を賭して|以死相赌|Bet on Death
以犯规对不可能的弹幕,https://thwiki.cc/%E4%BB%A5%E7%8A%AF%E8%A7%84%E5%AF%B9%E4%B8%8D%E5%8F%AF%E8%83%BD%E7%9A%84%E5%BC%B9%E5%B9%95,不可能弾幕には反則を|以犯规对不可能的弹幕|Cheat Against the Impossible Danmaku
以鱼驱蝇,https://thwiki.cc/%E4%BB%A5%E9%B1%BC%E9%A9%B1%E8%9D%87,以魚駆蠅|以鱼驱蝇|Swing a Fish to Drive Away Flies
仰空,https://thwiki.cc/%E4%BB%B0%E7%A9%BA,仰空|仰空|Skygazer
仲夏的妖精梦,https://thwiki.cc/%E4%BB%B2%E5%A4%8F%E7%9A%84%E5%A6%96%E7%B2%BE%E6%A2%A6,真夏の妖精の夢|仲夏的妖精梦|A Midsummer Fairy's Dream|盛夏的妖精梦
价值不明,https://thwiki.cc/%E4%BB%B7%E5%80%BC%E4%B8%8D%E6%98%8E,価値がわからない|价值不明|The Value Is Unrealized
伊奘诺物质,https://thwiki.cc/%E4%BC%8A%E5%A5%98%E8%AF%BA%E7%89%A9%E8%B4%A8%EF%BC%88%E6%9B%B2%E7%9B%AE%EF%BC%89,イザナギオブジェクト|伊奘诺物质|Izanagi Object
伏瓦鲁魔法图书馆,https://thwiki.cc/%E4%BC%8F%E7%93%A6%E9%B2%81%E9%AD%94%E6%B3%95%E5%9B%BE%E4%B9%A6%E9%A6%86,"ヴワル魔法図書館|伏瓦鲁魔法图书馆|Voile, the Magic Library"
众神眷恋的幻想乡,https://thwiki.cc/%E4%BC%97%E7%A5%9E%E7%9C%B7%E6%81%8B%E7%9A%84%E5%B9%BB%E6%83%B3%E4%B9%A1,神々が恋した幻想郷|众神眷恋的幻想乡|The Gensokyo the Gods Loved|神所眷恋的幻想乡|众神眷顾的幻想乡
会受稻田姬的斥责啦,https://thwiki.cc/%E4%BC%9A%E5%8F%97%E7%A8%BB%E7%94%B0%E5%A7%AC%E7%9A%84%E6%96%A5%E8%B4%A3%E5%95%A6,稲田姫様に叱られるから|会受稻田姬的斥责啦|Because Princess Inada Is Scolding Me|会被稻田公主骂的啦
传说中的仙境,https://thwiki.cc/%E4%BC%A0%E8%AF%B4%E4%B8%AD%E7%9A%84%E4%BB%99%E5%A2%83,昔話わんだーらんど|传说中的仙境|Legendary Wonderland
传说的巨神,https://thwiki.cc/%E4%BC%A0%E8%AF%B4%E7%9A%84%E5%B7%A8%E7%A5%9E,伝説の巨神|传说的巨神|The Legendary Titan
佐渡的二岩,https://thwiki.cc/%E4%BD%90%E6%B8%A1%E7%9A%84%E4%BA%8C%E5%B2%A9,佐渡の二ッ岩|佐渡的二岩|Futatsuiwa from Sado
你所在之城的怪事,https://thwiki.cc/%E4%BD%A0%E6%89%80%E5%9C%A8%E4%B9%8B%E5%9F%8E%E7%9A%84%E6%80%AA%E4%BA%8B,あなたの町の怪事件|你所在之城的怪事|The Mystery in Your Town
你见到了那个影子吗,https://thwiki.cc/%E4%BD%A0%E8%A7%81%E5%88%B0%E4%BA%86%E9%82%A3%E4%B8%AA%E5%BD%B1%E5%AD%90%E5%90%97,君はあの影を見たか|你见到了那个影子吗|Did You See That Shadow?|你看见那个巨影了么
俄耳甫斯的诗　～ Pseudoclassic,https://thwiki.cc/%E4%BF%84%E8%80%B3%E7%94%AB%E6%96%AF%E7%9A%84%E8%AF%97_%EF%BD%9E_Pseudoclassic,オルフェの詩　～ Pseudoclassic|俄耳甫斯的诗　～ Pseudoclassic|Orphic Poetry ~ Pseudoclassic
信仰是为了虚幻之人,https://thwiki.cc/%E4%BF%A1%E4%BB%B0%E6%98%AF%E4%B8%BA%E4%BA%86%E8%99%9A%E5%B9%BB%E4%B9%8B%E4%BA%BA,信仰は儚き人間の為に|信仰是为了虚幻之人|Faith Is for the Transient People
光辉的天球仪,https://thwiki.cc/%E5%85%89%E8%BE%89%E7%9A%84%E5%A4%A9%E7%90%83%E4%BB%AA,光輝く天球儀|光辉的天球仪|Shining Armillary Sphere
克服万千之试炼,https://thwiki.cc/%E5%85%8B%E6%9C%8D%E4%B8%87%E5%8D%83%E4%B9%8B%E8%AF%95%E7%82%BC,千の試練を超えて|克服万千之试炼|Overcome a Thousand Trials
兔已着陆,https://thwiki.cc/%E5%85%94%E5%B7%B2%E7%9D%80%E9%99%86,兎は舞い降りた|兔已着陆|The Rabbit Has Landed
全有机体的记忆　～ Memory of Fossil Energy.,https://thwiki.cc/%E5%85%A8%E6%9C%89%E6%9C%BA%E4%BD%93%E7%9A%84%E8%AE%B0%E5%BF%86_%EF%BD%9E_Memory_of_Fossil_Energy.,有機体全てのメメント　～ Memory of Fossil Energy.|全有机体的记忆　～ Memory of Fossil Energy.|Memento of All Organisms ~ Memory of Fossil Energy.
公正的争夺,https://thwiki.cc/%E5%85%AC%E6%AD%A3%E7%9A%84%E4%BA%89%E5%A4%BA,公正なる奪い合い|公正的争夺|Fair Scramble
兽之智慧,https://thwiki.cc/%E5%85%BD%E4%B9%8B%E6%99%BA%E6%85%A7,獣の知性|兽之智慧|A Beast's Intelligence
兽王们的小憩,https://thwiki.cc/%E5%85%BD%E7%8E%8B%E4%BB%AC%E7%9A%84%E5%B0%8F%E6%86%A9,獣王達の休息|兽王们的小憩|Beast Kings' Rest
内心,https://thwiki.cc/%E5%86%85%E5%BF%83,裏心|内心|Inner Heart
冷吟闲醉,https://thwiki.cc/%E5%86%B7%E5%90%9F%E9%97%B2%E9%86%89,冷吟閑酔|冷吟闲醉|Drunk as I Like
冻结的永远之都,https://thwiki.cc/%E5%86%BB%E7%BB%93%E7%9A%84%E6%B0%B8%E8%BF%9C%E4%B9%8B%E9%83%BD,凍り付いた永遠の都|冻结的永远之都|The Frozen Eternal Capital
凋叶棕（withered leaf）,https://thwiki.cc/%E5%87%8B%E5%8F%B6%E6%A3%95%EF%BC%88withered_leaf%EF%BC%89,ティアオイエツォン(withered leaf)|凋叶棕（withered leaf）|Diao Ye Zong (withered leaf)|枯叶色（withered leaf）
凭依华,https://thwiki.cc/%E5%87%AD%E4%BE%9D%E5%8D%8E,憑依華|凭依华|Blooms of Spirit Possession
凭坐挟于梦境与现实之间　～ Necro-Fantasia,https://thwiki.cc/%E5%87%AD%E5%9D%90%E6%8C%9F%E4%BA%8E%E6%A2%A6%E5%A2%83%E4%B8%8E%E7%8E%B0%E5%AE%9E%E4%B9%8B%E9%97%B4_%EF%BD%9E_Necro-Fantasia,憑坐は夢と現の間に　～ Necro-Fantasia|凭坐挟于梦境与现实之间　～ Necro-Fantasia|Yorimashi Between Dreams and Reality ~ Necro-Fantasia
凭投依合,https://thwiki.cc/%E5%87%AD%E6%8A%95%E4%BE%9D%E5%90%88,憑依投合|凭投依合|Being Things Eye To Eye
出演者选择,https://thwiki.cc/%E5%87%BA%E6%BC%94%E8%80%85%E9%80%89%E6%8B%A9,演者選択|出演者选择|Performer Selection
到达有顶天,https://thwiki.cc/%E5%88%B0%E8%BE%BE%E6%9C%89%E9%A1%B6%E5%A4%A9,至る有頂天|到达有顶天|Bhavaagra as Far as the Eye Can See
前所未见的噩梦世界,https://thwiki.cc/%E5%89%8D%E6%89%80%E6%9C%AA%E8%A7%81%E7%9A%84%E5%99%A9%E6%A2%A6%E4%B8%96%E7%95%8C,見た事も無い悪夢の世界|前所未见的噩梦世界|A World of Nightmares Never Seen Before
剧毒身体　～ Forsaken Doll,https://thwiki.cc/%E5%89%A7%E6%AF%92%E8%BA%AB%E4%BD%93_%EF%BD%9E_Forsaken_Doll,ポイズンボディ　～ Forsaken Doll|剧毒身体　～ Forsaken Doll|Poison Body ~ Forsaken Doll
勇敢又慵懒的妖兽,https://thwiki.cc/%E5%8B%87%E6%95%A2%E5%8F%88%E6%85%B5%E6%87%92%E7%9A%84%E5%A6%96%E5%85%BD,勇敢で有閑な妖獣|勇敢又慵懒的妖兽|A Brave and Leisurely Beast
千年幻想乡　～ History of the Moon,https://thwiki.cc/%E5%8D%83%E5%B9%B4%E5%B9%BB%E6%83%B3%E4%B9%A1_%EF%BD%9E_History_of_the_Moon,千年幻想郷　～ History of the Moon|千年幻想乡　～ History of the Moon|Gensokyo Millennium ~ History of the Moon
午夜的妖精舞会,https://thwiki.cc/%E5%8D%88%E5%A4%9C%E7%9A%84%E5%A6%96%E7%B2%BE%E8%88%9E%E4%BC%9A,真夜中のフェアリーダンス|午夜的妖精舞会|A Midnight Fairy Dance|深夜的妖精之舞
华之幻想 红梦之宙,https://thwiki.cc/%E5%8D%8E%E4%B9%8B%E5%B9%BB%E6%83%B3_%E7%BA%A2%E6%A2%A6%E4%B9%8B%E5%AE%99,"華の幻想　紅夢の宙|华之幻想 红梦之宙|Illusion of Flowers, Sky of Scarlet Dreams"
华狭间的战场,https://thwiki.cc/%E5%8D%8E%E7%8B%AD%E9%97%B4%E7%9A%84%E6%88%98%E5%9C%BA,華狭間のバトルフィールド|华狭间的战场|Battlefield of the Flower Threshold
华胥之梦,https://thwiki.cc/%E5%8D%8E%E8%83%A5%E4%B9%8B%E6%A2%A6,華胥の夢|华胥之梦|Dream of Huaxu
博丽　～Eastern Wind,https://thwiki.cc/%E5%8D%9A%E4%B8%BD_%EF%BD%9EEastern_Wind,博麗　～Eastern Wind|博丽　～Eastern Wind|Hakurei ~ Eastern Wind
博丽神社境内,https://thwiki.cc/%E5%8D%9A%E4%B8%BD%E7%A5%9E%E7%A4%BE%E5%A2%83%E5%86%85,博麗神社境内|博丽神社境内|Hakurei Shrine Grounds
卡纳维拉尔角的梦幻少女,https://thwiki.cc/%E5%8D%A1%E7%BA%B3%E7%BB%B4%E6%8B%89%E5%B0%94%E8%A7%92%E7%9A%84%E6%A2%A6%E5%B9%BB%E5%B0%91%E5%A5%B3,カナベラルの夢幻少女|卡纳维拉尔角的梦幻少女|Illusionary Girl from Canaveral
卢舍那佛遗址,https://thwiki.cc/%E5%8D%A2%E8%88%8D%E9%82%A3%E4%BD%9B%E9%81%97%E5%9D%80,盧舎那仏遺構|卢舍那佛遗址
卫星露天咖啡座,https://thwiki.cc/%E5%8D%AB%E6%98%9F%E9%9C%B2%E5%A4%A9%E5%92%96%E5%95%A1%E5%BA%A7,衛星カフェテラス|卫星露天咖啡座|Satellite Café Terrace|卫星露天咖啡屋
卫星鸟船,https://thwiki.cc/%E5%8D%AB%E6%98%9F%E9%B8%9F%E8%88%B9,衛星トリフネ|卫星鸟船|Satellite TORIFUNE
即便为世间所遗忘,https://thwiki.cc/%E5%8D%B3%E4%BE%BF%E4%B8%BA%E4%B8%96%E9%97%B4%E6%89%80%E9%81%97%E5%BF%98,例え世界から忘れられても|即便为世间所遗忘|Even if Forgotten by the World
厄神降临之路　～ Dark Road,https://thwiki.cc/%E5%8E%84%E7%A5%9E%E9%99%8D%E4%B8%B4%E4%B9%8B%E8%B7%AF_%EF%BD%9E_Dark_Road,厄神様の通り道　～ Dark Road|厄神降临之路　～ Dark Road|The Road of the Misfortune God ~ Dark Road|厄神经过的道路　～ Dark Road
原初的节拍　～ Pristine Beat,https://thwiki.cc/%E5%8E%9F%E5%88%9D%E7%9A%84%E8%8A%82%E6%8B%8D_%EF%BD%9E_Pristine_Beat,始原のビート　～ Pristine Beat|原初的节拍　～ Pristine Beat|Primordial Beat ~ Pristine Beat|原始的节奏　～ Pristine Beat|原始节奏　～ Pristine Beat|原始的节拍　～ Pristine Beat
双壳贝上的幻觉,https://thwiki.cc/%E5%8F%8C%E5%A3%B3%E8%B4%9D%E4%B8%8A%E7%9A%84%E5%B9%BB%E8%A7%89,二枚貝の上のハルシネーション|双壳贝上的幻觉|Hallucination Atop a Bivalve
古老的元神,https://thwiki.cc/%E5%8F%A4%E8%80%81%E7%9A%84%E5%85%83%E7%A5%9E,古きユアンシェン|古老的元神|Old Yuanxian|古代元神
古老的冥界寺,https://thwiki.cc/%E5%8F%A4%E8%80%81%E7%9A%84%E5%86%A5%E7%95%8C%E5%AF%BA,古の冥界寺|古老的冥界寺|Ancient Temple of the Netherworld
另一侧的月,https://thwiki.cc/%E5%8F%A6%E4%B8%80%E4%BE%A7%E7%9A%84%E6%9C%88,向こう側の月|另一侧的月|The Far Side of the Moon|月的另一侧
只有地藏知晓的哀叹,https://thwiki.cc/%E5%8F%AA%E6%9C%89%E5%9C%B0%E8%97%8F%E7%9F%A5%E6%99%93%E7%9A%84%E5%93%80%E5%8F%B9,地蔵だけが知る哀嘆|只有地藏知晓的哀叹|The Lamentations Known Only by Jizo
可悲的人偶　～ Doll of Misery,https://thwiki.cc/%E5%8F%AF%E6%82%B2%E7%9A%84%E4%BA%BA%E5%81%B6_%EF%BD%9E_Doll_of_Misery,悲しき人形　～ Doll of Misery|可悲的人偶　～ Doll of Misery|Doll of Misery
可爱的大战争叠奏曲,https://thwiki.cc/%E5%8F%AF%E7%88%B1%E7%9A%84%E5%A4%A7%E6%88%98%E4%BA%89%E5%8F%A0%E5%A5%8F%E6%9B%B2,可愛い大戦争のリフレーン|可爱的大战争叠奏曲|The Refrain of the Lovely Great War
可爱的恶魔　～ Innocence,https://thwiki.cc/%E5%8F%AF%E7%88%B1%E7%9A%84%E6%81%B6%E9%AD%94_%EF%BD%9E_Innocence,かわいい悪魔　～ Innocence|可爱的恶魔　～ Innocence|Cute Devil ~ Innocence
各自的结局,https://thwiki.cc/%E5%90%84%E8%87%AA%E7%9A%84%E7%BB%93%E5%B1%80,各々の結末|各自的结局|Each Ending
合缘奇缘,https://thwiki.cc/%E5%90%88%E7%BC%98%E5%A5%87%E7%BC%98,合縁奇縁|合缘奇缘|An Odd Couple|天赐奇缘
同归于尽,https://thwiki.cc/%E5%90%8C%E5%BD%92%E4%BA%8E%E5%B0%BD,死なばもろとも|同归于尽|We Shall Die Together
后院的妖怪参拜道,https://thwiki.cc/%E5%90%8E%E9%99%A2%E7%9A%84%E5%A6%96%E6%80%AA%E5%8F%82%E6%8B%9C%E9%81%93,妖怪裏参道|后院的妖怪参拜道|Youkai Back Shrine Road
含苞待放的凭依华,https://thwiki.cc/%E5%90%AB%E8%8B%9E%E5%BE%85%E6%94%BE%E7%9A%84%E5%87%AD%E4%BE%9D%E5%8D%8E,未だ蕾む憑依華|含苞待放的凭依华|Possession Flowers Yet to Bud
吸血怪兽卓柏卡布拉,https://thwiki.cc/%E5%90%B8%E8%A1%80%E6%80%AA%E5%85%BD%E5%8D%93%E6%9F%8F%E5%8D%A1%E5%B8%83%E6%8B%89,吸血怪獣チュパカブラ|吸血怪兽卓柏卡布拉|Vampiric Cryptid Chupacabra
命运的阴暗面,https://thwiki.cc/%E5%91%BD%E8%BF%90%E7%9A%84%E9%98%B4%E6%9A%97%E9%9D%A2,運命のダークサイド|命运的阴暗面|Dark Side of Fate|命运的黑暗面
哈德曼的妖怪少女,https://thwiki.cc/%E5%93%88%E5%BE%B7%E6%9B%BC%E7%9A%84%E5%A6%96%E6%80%AA%E5%B0%91%E5%A5%B3,ハルトマンの妖怪少女|哈德曼的妖怪少女|Hartmann's Youkai Girl
嘲讽的游戏,https://thwiki.cc/%E5%98%B2%E8%AE%BD%E7%9A%84%E6%B8%B8%E6%88%8F,嘲りの遊戯|嘲讽的游戏|Ridiculous Game
噩梦日记,https://thwiki.cc/%E5%99%A9%E6%A2%A6%E6%97%A5%E8%AE%B0,悪夢日記|噩梦日记|Nightmare Journal
回忆京都,https://thwiki.cc/%E5%9B%9E%E5%BF%86%E4%BA%AC%E9%83%BD,レトロスペクティブ京都|回忆京都|Retrospective Kyoto
因夜失眠,https://thwiki.cc/%E5%9B%A0%E5%A4%9C%E5%A4%B1%E7%9C%A0,夜だから眠れない|因夜失眠|Can't Sleep Because It's Nighttime|夜晚无法入睡
圣德传说　～ True Administrator,https://thwiki.cc/%E5%9C%A3%E5%BE%B7%E4%BC%A0%E8%AF%B4_%EF%BD%9E_True_Administrator,聖徳伝説　～ True Administrator|圣德传说　～ True Administrator|Shoutoku Legend ~ True Administrator
圣德太子的天马　～ Dark Pegasus,https://thwiki.cc/%E5%9C%A3%E5%BE%B7%E5%A4%AA%E5%AD%90%E7%9A%84%E5%A4%A9%E9%A9%AC_%EF%BD%9E_Dark_Pegasus,聖徳太子のペガサス　～ Dark Pegasus|圣德太子的天马　～ Dark Pegasus|Prince Shoutoku's Pegasus ~ Dark Pegasus
圣辇船飞向天空,https://thwiki.cc/%E5%9C%A3%E8%BE%87%E8%88%B9%E9%A3%9E%E5%90%91%E5%A4%A9%E7%A9%BA,聖輦船空を往く|圣辇船飞向天空|The Palanquin Ship Flies in the Sky
在深绿的狸森里,https://thwiki.cc/%E5%9C%A8%E6%B7%B1%E7%BB%BF%E7%9A%84%E7%8B%B8%E6%A3%AE%E9%87%8C,深緑の狸森にて|在深绿的狸森里|In the Deep-Green Tanuki Forest
在美妙的墓地里住下吧,https://thwiki.cc/%E5%9C%A8%E7%BE%8E%E5%A6%99%E7%9A%84%E5%A2%93%E5%9C%B0%E9%87%8C%E4%BD%8F%E4%B8%8B%E5%90%A7,素敵な墓場で暮しましょ|在美妙的墓地里住下吧|Let's Live in a Lovely Cemetery|在美好的墓场中生活吧|搬到舒适的墓地居住吧
地之色乃黄色,https://thwiki.cc/%E5%9C%B0%E4%B9%8B%E8%89%B2%E4%B9%83%E9%BB%84%E8%89%B2,地の色は黄色|地之色乃黄色|The Ground's Color is Yellow
地底绽放的蔷薇,https://thwiki.cc/%E5%9C%B0%E5%BA%95%E7%BB%BD%E6%94%BE%E7%9A%84%E8%94%B7%E8%96%87,地底に咲く薔薇|地底绽放的蔷薇|A Rose Blooming in the Underworld
地灵们的归家,https://thwiki.cc/%E5%9C%B0%E7%81%B5%E4%BB%AC%E7%9A%84%E5%BD%92%E5%AE%B6,地霊達の帰宅|地灵们的归家|The Earth Spirits' Homecoming
地灵们的起床,https://thwiki.cc/%E5%9C%B0%E7%81%B5%E4%BB%AC%E7%9A%84%E8%B5%B7%E5%BA%8A,地霊達の起床|地灵们的起床|Awakening of the Earth Spirits
复仇女神的要塞,https://thwiki.cc/%E5%A4%8D%E4%BB%87%E5%A5%B3%E7%A5%9E%E7%9A%84%E8%A6%81%E5%A1%9E,ネメシスの要塞|复仇女神的要塞|Nemesis' Stronghold
夏明,https://thwiki.cc/%E5%A4%8F%E6%98%8E,夏明き|夏明|End of Summer
夕阳下落,https://thwiki.cc/%E5%A4%95%E9%98%B3%E4%B8%8B%E8%90%BD,陽落ちて|夕阳下落|Sunfall
外界民俗,https://thwiki.cc/%E5%A4%96%E7%95%8C%E6%B0%91%E4%BF%97,外界フォークロア|外界民俗|Outside World Folklore
夜幕降临　～ Evening Star,https://thwiki.cc/%E5%A4%9C%E5%B9%95%E9%99%8D%E4%B8%B4_%EF%BD%9E_Evening_Star,夜が降りてくる　～ Evening Star|夜幕降临　～ Evening Star|Night Falls ~ Evening Star
夜空中的UFO恋曲,https://thwiki.cc/%E5%A4%9C%E7%A9%BA%E4%B8%AD%E7%9A%84UFO%E6%81%8B%E6%9B%B2,夜空のユーフォーロマンス|夜空中的UFO恋曲|UFO Romance in the Night Sky
夜雀的歌声　～ Night Bird,https://thwiki.cc/%E5%A4%9C%E9%9B%80%E7%9A%84%E6%AD%8C%E5%A3%B0_%EF%BD%9E_Night_Bird,夜雀の歌声　～ Night Bird|夜雀的歌声　～ Night Bird|Song of the Night Sparrow ~ Night Bird
大吉猫咪,https://thwiki.cc/%E5%A4%A7%E5%90%89%E7%8C%AB%E5%92%AA,大吉キトゥン|大吉猫咪|Kitten of Great Fortune
大地之底，刚欲之海,https://thwiki.cc/%E5%A4%A7%E5%9C%B0%E4%B9%8B%E5%BA%95%EF%BC%8C%E5%88%9A%E6%AC%B2%E4%B9%8B%E6%B5%B7,"大地の底、剛欲の海|大地之底，刚欲之海|Depths of the Earth, Ocean of Avarice"
大江山的花之酒宴,https://thwiki.cc/%E5%A4%A7%E6%B1%9F%E5%B1%B1%E7%9A%84%E8%8A%B1%E4%B9%8B%E9%85%92%E5%AE%B4,華のさかづき大江山|大江山的花之酒宴|A Flower-Studded Sake Dish on Mt. Ooe
大神神话传,https://thwiki.cc/%E5%A4%A7%E7%A5%9E%E7%A5%9E%E8%AF%9D%E4%BC%A0,大神神話伝|大神神话传|Omiwa Legend
大空魔术　～ Magical Astronomy,https://thwiki.cc/%E5%A4%A7%E7%A9%BA%E9%AD%94%E6%9C%AF_%EF%BD%9E_Magical_Astronomy%EF%BC%88%E6%9B%B2%E7%9B%AE%EF%BC%89,大空魔術　～ Magical Astronomy|大空魔术　～ Magical Astronomy|Celestial Wizardry ~ Magical Astronomy
天使传说,https://thwiki.cc/%E5%A4%A9%E4%BD%BF%E4%BC%A0%E8%AF%B4,天使伝説|天使传说|Angel's Legend
天狗正凝视着　～ Black Eyes,https://thwiki.cc/%E5%A4%A9%E7%8B%97%E6%AD%A3%E5%87%9D%E8%A7%86%E7%9D%80_%EF%BD%9E_Black_Eyes,天狗が見ている　～ Black Eyes|天狗正凝视着　～ Black Eyes|Tengu Is Watching ~ Black Eyes
天狗的笔记　～ Mysterious Note,https://thwiki.cc/%E5%A4%A9%E7%8B%97%E7%9A%84%E7%AC%94%E8%AE%B0_%EF%BD%9E_Mysterious_Note,天狗の手帖　～ Mysterious Note|天狗的笔记　～ Mysterious Note|Tengu's Notebook ~ Mysterious Note
天理人欲,https://thwiki.cc/%E5%A4%A9%E7%90%86%E4%BA%BA%E6%AC%B2,"天理人欲|天理人欲|Laws of Heaven, Desires of Man"
天空军团,https://thwiki.cc/%E5%A4%A9%E7%A9%BA%E5%86%9B%E5%9B%A2,天空アーミー|天空军团|Firmament Army
天空的格林尼治,https://thwiki.cc/%E5%A4%A9%E7%A9%BA%E7%9A%84%E6%A0%BC%E6%9E%97%E5%B0%BC%E6%B2%BB,天空のグリニッジ|天空的格林尼治|Greenwich in the Sky
天空的花都,https://thwiki.cc/%E5%A4%A9%E7%A9%BA%E7%9A%84%E8%8A%B1%E9%83%BD,天空の花の都|天空的花都|The Capital City of Flowers in the Sky|天空的花之都
天衣无缝,https://thwiki.cc/%E5%A4%A9%E8%A1%A3%E6%97%A0%E7%BC%9D,天衣無縫|天衣无缝|Flawless as Clothing of the Celestials
天魔之山漫天星,https://thwiki.cc/%E5%A4%A9%E9%AD%94%E4%B9%8B%E5%B1%B1%E6%BC%AB%E5%A4%A9%E6%98%9F,星降る天魔の山|天魔之山漫天星|Starry Mountain of Tenma
天鸟船神社,https://thwiki.cc/%E5%A4%A9%E9%B8%9F%E8%88%B9%E7%A5%9E%E7%A4%BE,天鳥船神社|天鸟船神社|Ame-no-torifune Shrine
天鸟船神社的结界,https://thwiki.cc/%E5%A4%A9%E9%B8%9F%E8%88%B9%E7%A5%9E%E7%A4%BE%E7%9A%84%E7%BB%93%E7%95%8C,天鳥船神社の結界|天鸟船神社的结界|The Barrier of Ame-no-torifune Shrine
天鹅绒少女战　～ Velvet Battle,https://thwiki.cc/%E5%A4%A9%E9%B9%85%E7%BB%92%E5%B0%91%E5%A5%B3%E6%88%98_%EF%BD%9E_Velvet_Battle,天鵞絨少女戦　～ Velvet Battle|天鹅绒少女战　～ Velvet Battle|Velvet Maiden's War ~ Velvet Battle
奈良异界公园,https://thwiki.cc/%E5%A5%88%E8%89%AF%E5%BC%82%E7%95%8C%E5%85%AC%E5%9B%AD,奈良異界公園|奈良异界公园
奥尔良的圣骑士,https://thwiki.cc/%E5%A5%A5%E5%B0%94%E8%89%AF%E7%9A%84%E5%9C%A3%E9%AA%91%E5%A3%AB,オルレアンの聖騎士|奥尔良的圣骑士|Holy Knight of Orléans
女仆与血之怀表,https://thwiki.cc/%E5%A5%B3%E4%BB%86%E4%B8%8E%E8%A1%80%E4%B9%8B%E6%80%80%E8%A1%A8,メイドと血の懐中時計|女仆与血之怀表|The Maid and the Pocket Watch of Blood
女仆幻想　～ Icemilk Magic,https://thwiki.cc/%E5%A5%B3%E4%BB%86%E5%B9%BB%E6%83%B3_%EF%BD%9E_Icemilk_Magic,メイド幻想　～ Icemilk Magic|女仆幻想　～ Icemilk Magic|Illusion of a Maid ~ Icemilk Magic
如鬼灯般的红色之魂,https://thwiki.cc/%E5%A6%82%E9%AC%BC%E7%81%AF%E8%88%AC%E7%9A%84%E7%BA%A2%E8%89%B2%E4%B9%8B%E9%AD%82,ほおずきみたいに紅い魂|如鬼灯般的红色之魂|A Soul as Scarlet as a Ground Cherry
妖妖梦　～ Snow or Cherry Petal,https://thwiki.cc/%E5%A6%96%E5%A6%96%E6%A2%A6_%EF%BD%9E_Snow_or_Cherry_Petal,妖々夢　～ Snow or Cherry Petal|妖妖梦　～ Snow or Cherry Petal|Ghostly Dream ~ Snow or Cherry Petal
妖妖跋扈,https://thwiki.cc/%E5%A6%96%E5%A6%96%E8%B7%8B%E6%89%88,妖々跋扈|妖妖跋扈|Spiritual Domination
妖妖跋扈　～ Who done it!,https://thwiki.cc/%E5%A6%96%E5%A6%96%E8%B7%8B%E6%89%88_%EF%BD%9E_Who_done_it!,妖々跋扈　～ Who done it!|妖妖跋扈　～ Who done it!|Spiritual Domination ~ Who done it!
妖异们的骤雨,https://thwiki.cc/%E5%A6%96%E5%BC%82%E4%BB%AC%E7%9A%84%E9%AA%A4%E9%9B%A8,妖異達の通り雨|妖异们的骤雨|A Shower of Strange Occurrences
妖怪上钩,https://thwiki.cc/%E5%A6%96%E6%80%AA%E4%B8%8A%E9%92%A9,妖怪フックオン|妖怪上钩|Youkai Hook On|妖怪Hook On
妖怪之山　～ Mysterious Mountain,https://thwiki.cc/%E5%A6%96%E6%80%AA%E4%B9%8B%E5%B1%B1_%EF%BD%9E_Mysterious_Mountain,妖怪の山　～ Mysterious Mountain|妖怪之山　～ Mysterious Mountain|Youkai Mountain ~ Mysterious Mountain
妖怪宇宙旅行,https://thwiki.cc/%E5%A6%96%E6%80%AA%E5%AE%87%E5%AE%99%E6%97%85%E8%A1%8C,妖怪宇宙旅行|妖怪宇宙旅行|Youkai Space Travel
妖怪寺,https://thwiki.cc/%E5%A6%96%E6%80%AA%E5%AF%BA,妖怪寺|妖怪寺|Youkai Temple
妖怪山间无色风,https://thwiki.cc/%E5%A6%96%E6%80%AA%E5%B1%B1%E9%97%B4%E6%97%A0%E8%89%B2%E9%A3%8E,色無き風は妖怪の山に|妖怪山间无色风|The Colorless Wind on Youkai Mountain|无色之风吹拂妖怪之山
妖精冒险谭,https://thwiki.cc/%E5%A6%96%E7%B2%BE%E5%86%92%E9%99%A9%E8%B0%AD,フェアリー冒険譚|妖精冒险谭|The Fairy's Adventurous Tale
妖精大战争　～ Fairy Wars,https://thwiki.cc/%E5%A6%96%E7%B2%BE%E5%A4%A7%E6%88%98%E4%BA%89_%EF%BD%9E_Fairy_Wars,妖精大戦争　～ Fairy Wars|妖精大战争　～ Fairy Wars|Great Fairy Wars ~ Fairy Wars
妖精灿烂的样子,https://thwiki.cc/%E5%A6%96%E7%B2%BE%E7%81%BF%E7%83%82%E7%9A%84%E6%A0%B7%E5%AD%90,妖精燦々として|妖精灿烂的样子|Like the Brilliance of Fairies
妖魔夜行,https://thwiki.cc/%E5%A6%96%E9%AD%94%E5%A4%9C%E8%A1%8C,妖魔夜行|妖魔夜行|Apparitions Stalk the Night
孤独的狼人,https://thwiki.cc/%E5%AD%A4%E7%8B%AC%E7%9A%84%E7%8B%BC%E4%BA%BA,孤独なウェアウルフ|孤独的狼人|Lonesome Werewolf
宇佐大人的白旗,https://thwiki.cc/%E5%AE%87%E4%BD%90%E5%A4%A7%E4%BA%BA%E7%9A%84%E7%99%BD%E6%97%97,お宇佐さまの素い幡|宇佐大人的白旗|White Flag of Usa Shrine
宇宙巫女归还,https://thwiki.cc/%E5%AE%87%E5%AE%99%E5%B7%AB%E5%A5%B3%E5%BD%92%E8%BF%98,宇宙巫女帰還する|宇宙巫女归还|The Space Shrine Maiden Returns Home
宇宙巫女现身,https://thwiki.cc/%E5%AE%87%E5%AE%99%E5%B7%AB%E5%A5%B3%E7%8E%B0%E8%BA%AB,宇宙巫女現る|宇宙巫女现身|The Space Shrine Maiden Appears
守旧老爹与前卫少女,https://thwiki.cc/%E5%AE%88%E6%97%A7%E8%80%81%E7%88%B9%E4%B8%8E%E5%89%8D%E5%8D%AB%E5%B0%91%E5%A5%B3,時代親父とハイカラ少女|守旧老爹与前卫少女|The Traditional Old Man and the Stylish Girl|守旧老爹与明治少女|传统老爸与尖端少女
官板黄昏新闻,https://thwiki.cc/%E5%AE%98%E6%9D%BF%E9%BB%84%E6%98%8F%E6%96%B0%E9%97%BB,官板黄昏新聞|官板黄昏新闻|Officially-Sanctioned Twilight Newspaper
宵暗的魔术师,https://thwiki.cc/%E5%AE%B5%E6%9A%97%E7%9A%84%E9%AD%94%E6%9C%AF%E5%B8%88,宵闇の魔術師|宵暗的魔术师|Magician of the Twilight|黄昏的魔术师
容貌错乱　～ Horrible Night,https://thwiki.cc/%E5%AE%B9%E8%B2%8C%E9%94%99%E4%B9%B1_%EF%BD%9E_Horrible_Night,相貌の狂い　～ Horrible Night|容貌错乱　～ Horrible Night|Madness of Visages ~ Horrible Night
宿醉者的同床异梦,https://thwiki.cc/%E5%AE%BF%E9%86%89%E8%80%85%E7%9A%84%E5%90%8C%E5%BA%8A%E5%BC%82%E6%A2%A6,二日酔いの同床異夢|宿醉者的同床异梦|Hangover of Bedfellows Dreaming Differently
寄世界于偶像　～ Idoratrize World,https://thwiki.cc/%E5%AF%84%E4%B8%96%E7%95%8C%E4%BA%8E%E5%81%B6%E5%83%8F_%EF%BD%9E_Idoratrize_World,偶像に世界を委ねて　～ Idoratrize World|寄世界于偶像　～ Idoratrize World|Entrust the World to Idols ~ Idolatrize World
对跖点之钟,https://thwiki.cc/%E5%AF%B9%E8%B7%96%E7%82%B9%E4%B9%8B%E9%92%9F,対蹠地の鐘|对跖点之钟|Bell of the Antipodes
寺门前的妖怪小姑娘,https://thwiki.cc/%E5%AF%BA%E9%97%A8%E5%89%8D%E7%9A%84%E5%A6%96%E6%80%AA%E5%B0%8F%E5%A7%91%E5%A8%98,門前の妖怪小娘|寺门前的妖怪小姑娘|Youkai Girl at the Gate|门前的妖怪小姐
封闭的云中通路,https://thwiki.cc/%E5%B0%81%E9%97%AD%E7%9A%84%E4%BA%91%E4%B8%AD%E9%80%9A%E8%B7%AF,閉ざせし雲の通い路|封闭的云中通路|The Sealed Cloud Route|闭云通路
封魔终演,https://thwiki.cc/%E5%B0%81%E9%AD%94%E7%BB%88%E6%BC%94,封魔終演|封魔终演|Demon-Sealing Finale
小小欲望的星空,https://thwiki.cc/%E5%B0%8F%E5%B0%8F%E6%AC%B2%E6%9C%9B%E7%9A%84%E6%98%9F%E7%A9%BA,小さな欲望の星空|小小欲望的星空|Starry Sky of Small Desires|小型欲望星空|渺小欲望的星空
小小的贤将,https://thwiki.cc/%E5%B0%8F%E5%B0%8F%E7%9A%84%E8%B4%A4%E5%B0%86,"小さな小さな賢将|小小的贤将|A Tiny, Tiny, Clever Commander|小小的小不点大将"
小槌的魔力,https://thwiki.cc/%E5%B0%8F%E6%A7%8C%E7%9A%84%E9%AD%94%E5%8A%9B,小槌の魔力|小槌的魔力|Magical Power of the Mallet|万宝槌的魔力
少女幻葬　～ Necro-Fantasy,https://thwiki.cc/%E5%B0%91%E5%A5%B3%E5%B9%BB%E8%91%AC_%EF%BD%9E_Necro-Fantasy,少女幻葬　～ Necro-Fantasy|少女幻葬　～ Necro-Fantasy|A Maiden's Illusionary Funeral ~ Necro-Fantasy
少女战士　～ Heart of Valkyrie,https://thwiki.cc/%E5%B0%91%E5%A5%B3%E6%88%98%E5%A3%AB_%EF%BD%9E_Heart_of_Valkyrie,乙女戦士　～ Heart of Valkyrie|少女战士　～ Heart of Valkyrie|Warrior Maiden ~ Heart of Valkyrie
少女曾见的日本原风景,https://thwiki.cc/%E5%B0%91%E5%A5%B3%E6%9B%BE%E8%A7%81%E7%9A%84%E6%97%A5%E6%9C%AC%E5%8E%9F%E9%A3%8E%E6%99%AF,少女が見た日本の原風景|少女曾见的日本原风景|The Primal Scene of Japan the Girl Saw
少女神性　～ Pandora's Box,https://thwiki.cc/%E5%B0%91%E5%A5%B3%E7%A5%9E%E6%80%A7_%EF%BD%9E_Pandora%27s_Box,少女神性　～ Pandora's Box|少女神性　～ Pandora's Box|Girl's Divinity ~ Pandora's Box
少女秘封俱乐部,https://thwiki.cc/%E5%B0%91%E5%A5%B3%E7%A7%98%E5%B0%81%E4%BF%B1%E4%B9%90%E9%83%A8,少女秘封倶楽部|少女秘封俱乐部|Girls' Sealing Club
少女绮想曲　～ Capriccio,https://thwiki.cc/%E5%B0%91%E5%A5%B3%E7%BB%AE%E6%83%B3%E6%9B%B2_%EF%BD%9E_Capriccio,少女綺想曲　～ Capriccio|少女绮想曲　～ Capriccio|Maiden's Capriccio
少女觉　～ 3rd eye,https://thwiki.cc/%E5%B0%91%E5%A5%B3%E8%A7%89_%EF%BD%9E_3rd_eye,少女さとり　～ 3rd eye|少女觉　～ 3rd eye|Satori Maiden ~ 3rd eye
尘世不变的悲观主义,https://thwiki.cc/%E5%B0%98%E4%B8%96%E4%B8%8D%E5%8F%98%E7%9A%84%E6%82%B2%E8%A7%82%E4%B8%BB%E4%B9%89,塵界不変のペシミズム|尘世不变的悲观主义|This Dull World's Unchanging Pessimism
尸体旅行　～ Be of good cheer!,https://thwiki.cc/%E5%B0%B8%E4%BD%93%E6%97%85%E8%A1%8C_%EF%BD%9E_Be_of_good_cheer!,死体旅行　～ Be of good cheer!|尸体旅行　～ Be of good cheer!|Corpse Voyage ~ Be of good cheer!
山脚的神社,https://thwiki.cc/%E5%B1%B1%E8%84%9A%E7%9A%84%E7%A5%9E%E7%A4%BE,麓の神社|山脚的神社|Shrine at the Foot of the Mountain
巨大的影子与渺小的结局,https://thwiki.cc/%E5%B7%A8%E5%A4%A7%E7%9A%84%E5%BD%B1%E5%AD%90%E4%B8%8E%E6%B8%BA%E5%B0%8F%E7%9A%84%E7%BB%93%E5%B1%80,巨大な影と小さな結末|巨大的影子与渺小的结局|A Huge Shadow and a Tiny Conclusion
已经只能听见歌声了,https://thwiki.cc/%E5%B7%B2%E7%BB%8F%E5%8F%AA%E8%83%BD%E5%90%AC%E8%A7%81%E6%AD%8C%E5%A3%B0%E4%BA%86,もう歌しか聞こえない|已经只能听见歌声了|Deaf to All but the Song|只听见歌声
布加勒斯特的人偶师,https://thwiki.cc/%E5%B8%83%E5%8A%A0%E5%8B%92%E6%96%AF%E7%89%B9%E7%9A%84%E4%BA%BA%E5%81%B6%E5%B8%88,ブクレシュティの人形師|布加勒斯特的人偶师|The Doll Maker of Bucuresti
希望之星直升青霄,https://thwiki.cc/%E5%B8%8C%E6%9C%9B%E4%B9%8B%E6%98%9F%E7%9B%B4%E5%8D%87%E9%9D%92%E9%9C%84,希望の星は青霄に昇る|希望之星直升青霄|A Star of Hope Rises in the Blue Sky
平安时代的外星人,https://thwiki.cc/%E5%B9%B3%E5%AE%89%E6%97%B6%E4%BB%A3%E7%9A%84%E5%A4%96%E6%98%9F%E4%BA%BA,平安のエイリアン|平安时代的外星人|Heian Alien
幻想乡　～ Lotus Land Story,https://thwiki.cc/%E5%B9%BB%E6%83%B3%E4%B9%A1_%EF%BD%9E_Lotus_Land_Story,幻想郷　～ Lotus Land Story|幻想乡　～ Lotus Land Story|Gensokyo ~ Lotus Land Story
幻想乡不可思议发现,https://thwiki.cc/%E5%B9%BB%E6%83%B3%E4%B9%A1%E4%B8%8D%E5%8F%AF%E6%80%9D%E8%AE%AE%E5%8F%91%E7%8E%B0,幻想郷ふしぎ発見|幻想乡不可思议发现|Gensokyo Mystery Discovery
幻想乡的二岩,https://thwiki.cc/%E5%B9%BB%E6%83%B3%E4%B9%A1%E7%9A%84%E4%BA%8C%E5%B2%A9,幻想郷の二ッ岩|幻想乡的二岩|Futatsuiwa from Gensokyo
幻想净琉璃,https://thwiki.cc/%E5%B9%BB%E6%83%B3%E5%87%80%E7%90%89%E7%92%83,幻想浄瑠璃|幻想净琉璃|Illusionary Joururi
幻想地下大轨道网,https://thwiki.cc/%E5%B9%BB%E6%83%B3%E5%9C%B0%E4%B8%8B%E5%A4%A7%E8%BD%A8%E9%81%93%E7%BD%91,幻想の地下大線路網|幻想地下大轨道网|The Great Fantastic Underground Railway Network
幻想帝都,https://thwiki.cc/%E5%B9%BB%E6%83%B3%E5%B8%9D%E9%83%BD,幻想帝都|幻想帝都|Fantastic Imperial Capital
幻想的居民,https://thwiki.cc/%E5%B9%BB%E6%83%B3%E7%9A%84%E5%B1%85%E6%B0%91,幻想の住人|幻想的居民|Those Who Live in Illusions
幻想的永远祭,https://thwiki.cc/%E5%B9%BB%E6%83%B3%E7%9A%84%E6%B0%B8%E8%BF%9C%E7%A5%AD,幻想の永遠祭|幻想的永远祭|Eternal Festival of Illusions
幻想的白色旅人,https://thwiki.cc/%E5%B9%BB%E6%83%B3%E7%9A%84%E7%99%BD%E8%89%B2%E6%97%85%E4%BA%BA,幻想のホワイトトラベラー|幻想的白色旅人|Illusionary White Traveler
幻想科学　～ Doll's Phantom,https://thwiki.cc/%E5%B9%BB%E6%83%B3%E7%A7%91%E5%AD%A6_%EF%BD%9E_Doll%27s_Phantom,幻想科学　～ Doll's Phantom|幻想科学　～ Doll's Phantom|Fantasy Science ~ Doll's Phantom
幻梦界,https://thwiki.cc/%E5%B9%BB%E6%A2%A6%E7%95%8C,幻夢界|幻梦界|World of Fantasies
幻视之夜　～ Ghostly Eyes,https://thwiki.cc/%E5%B9%BB%E8%A7%86%E4%B9%8B%E5%A4%9C_%EF%BD%9E_Ghostly_Eyes,幻視の夜　～ Ghostly Eyes|幻视之夜　～ Ghostly Eyes|Illusionary Night ~ Ghostly Eyes
幼小的有顶天,https://thwiki.cc/%E5%B9%BC%E5%B0%8F%E7%9A%84%E6%9C%89%E9%A1%B6%E5%A4%A9,幼心地の有頂天|幼小的有顶天|Bhavaagra As Seen Through a Child's Mind|幼心地的有顶天
幽境,https://thwiki.cc/%E5%B9%BD%E5%A2%83,幽境|幽境|Solitary Place
幽梦　～ Inanimate Dream,https://thwiki.cc/%E5%B9%BD%E6%A2%A6_%EF%BD%9E_Inanimate_Dream,幽夢　～ Inanimate Dream|幽梦　～ Inanimate Dream|Faint Dream ~ Inanimate Dream
幽灵乐团　～ Phantom Ensemble,https://thwiki.cc/%E5%B9%BD%E7%81%B5%E4%B9%90%E5%9B%A2_%EF%BD%9E_Phantom_Ensemble,幽霊楽団　～ Phantom Ensemble|幽灵乐团　～ Phantom Ensemble|Phantom Band ~ Phantom Ensemble
幽灵客船的穿越时空之旅,https://thwiki.cc/%E5%B9%BD%E7%81%B5%E5%AE%A2%E8%88%B9%E7%9A%84%E7%A9%BF%E8%B6%8A%E6%97%B6%E7%A9%BA%E4%B9%8B%E6%97%85,幽霊客船の時空を越えた旅|幽灵客船的穿越时空之旅|Interdimensional Voyage of a Ghostly Passenger Ship|幽灵客船的时空穿越之旅
幽雅地绽放吧，墨染的樱花　～ Border of Life,https://thwiki.cc/%E5%B9%BD%E9%9B%85%E5%9C%B0%E7%BB%BD%E6%94%BE%E5%90%A7%EF%BC%8C%E5%A2%A8%E6%9F%93%E7%9A%84%E6%A8%B1%E8%8A%B1_%EF%BD%9E_Border_of_Life,"幽雅に咲かせ、墨染の桜　～ Border of Life|幽雅地绽放吧，墨染的樱花　～ Border of Life|Bloom Nobly, Ink-Black Cherry Blossom ~ Border of Life|幽雅地绽放吧，墨染之樱 ～ Border of Life"
广有射怪鸟事　～ Till When?,https://thwiki.cc/%E5%B9%BF%E6%9C%89%E5%B0%84%E6%80%AA%E9%B8%9F%E4%BA%8B_%EF%BD%9E_Till_When%3F,広有射怪鳥事　～ Till When?|广有射怪鸟事　～ Till When?|Hiroari Shoots a Strange Bird ~ Till When?
广重36号　～ Neo Super-Express,https://thwiki.cc/%E5%B9%BF%E9%87%8D36%E5%8F%B7_%EF%BD%9E_Neo_Super-Express,ヒロシゲ36号　～ Neo Super-Express|广重36号　～ Neo Super-Express|Hiroshige No.36 ~ Neo Super-Express
废狱摇篮曲,https://thwiki.cc/%E5%BA%9F%E7%8B%B1%E6%91%87%E7%AF%AE%E6%9B%B2,廃獄ララバイ|废狱摇篮曲|Lullaby of Deserted Hell
开演在即,https://thwiki.cc/%E5%BC%80%E6%BC%94%E5%9C%A8%E5%8D%B3,開演間近|开演在即|The Curtain Shall Rise Soon|开演间近
异变的种子,https://thwiki.cc/%E5%BC%82%E5%8F%98%E7%9A%84%E7%A7%8D%E5%AD%90,異変の種子|异变的种子|Seeds of the Incident
异心同体,https://thwiki.cc/%E5%BC%82%E5%BF%83%E5%90%8C%E4%BD%93,異心同体|异心同体|Two Minds of One Body
彼岸归航　～ Riverside View,https://thwiki.cc/%E5%BD%BC%E5%B2%B8%E5%BD%92%E8%88%AA_%EF%BD%9E_Riverside_View,彼岸帰航　～ Riverside View|彼岸归航　～ Riverside View|Higan Retour ~ Riverside View
往来于运河的人与妖,https://thwiki.cc/%E5%BE%80%E6%9D%A5%E4%BA%8E%E8%BF%90%E6%B2%B3%E7%9A%84%E4%BA%BA%E4%B8%8E%E5%A6%96,運河を行き交う人妖|往来于运河的人与妖|Humans and Youkai Traversing the Canal|往来运河的人与妖
徜徉于樱色之海,https://thwiki.cc/%E5%BE%9C%E5%BE%89%E4%BA%8E%E6%A8%B1%E8%89%B2%E4%B9%8B%E6%B5%B7,桜色の海を泳いで|徜徉于樱色之海|Swim in a Cherry Blossom-Colored Sea|泳于樱色之海
御伽之国的鬼岛　～ Missing Power,https://thwiki.cc/%E5%BE%A1%E4%BC%BD%E4%B9%8B%E5%9B%BD%E7%9A%84%E9%AC%BC%E5%B2%9B_%EF%BD%9E_Missing_Power,御伽の国の鬼が島　～ Missing Power|御伽之国的鬼岛　～ Missing Power|Onigashima in the Fairyland ~ Missing Power
御柱的墓场　～ Grave of Being,https://thwiki.cc/%E5%BE%A1%E6%9F%B1%E7%9A%84%E5%A2%93%E5%9C%BA_%EF%BD%9E_Grave_of_Being,御柱の墓場　～ Grave of Being|御柱的墓场　～ Grave of Being|Cemetery of Onbashira ~ Grave of Being
心绮楼囃子,https://thwiki.cc/%E5%BF%83%E7%BB%AE%E6%A5%BC%E5%9B%83%E5%AD%90,心綺楼囃子|心绮楼囃子|Shinkirou Orchestra
忘不了，那曾依藉的绿意,https://thwiki.cc/%E5%BF%98%E4%B8%8D%E4%BA%86%EF%BC%8C%E9%82%A3%E6%9B%BE%E4%BE%9D%E8%97%89%E7%9A%84%E7%BB%BF%E6%84%8F,"忘れがたき、よすがの緑|忘不了，那曾依藉的绿意|Unforgettable, the Nostalgic Greenery"
怪绮谈　～ Mystic Square,https://thwiki.cc/%E6%80%AA%E7%BB%AE%E8%B0%88_%EF%BD%9E_Mystic_Square,怪綺談　～ Mystic Square|怪绮谈　～ Mystic Square|Bizarre Romantic Story ~ Mystic Square
恋色Magic,https://thwiki.cc/%E6%81%8B%E8%89%B2Magic,恋色マジック|恋色Magic|Love-Colored Magic
恒常不变的参庙祀,https://thwiki.cc/%E6%81%92%E5%B8%B8%E4%B8%8D%E5%8F%98%E7%9A%84%E5%8F%82%E5%BA%99%E7%A5%80,恒常不変の参廟祀|恒常不变的参庙祀|Constant and Unchanging Temple of Worship
悠久山上鬼,https://thwiki.cc/%E6%82%A0%E4%B9%85%E5%B1%B1%E4%B8%8A%E9%AC%BC,鬼は悠久の山に|悠久山上鬼|The Oni Go to the Perpetual Mountain
悠久的蒸汽机关,https://thwiki.cc/%E6%82%A0%E4%B9%85%E7%9A%84%E8%92%B8%E6%B1%BD%E6%9C%BA%E5%85%B3,悠久の蒸気機関|悠久的蒸汽机关|The Eternal Steam Engine
意气洋洋,https://thwiki.cc/%E6%84%8F%E6%B0%94%E6%B4%8B%E6%B4%8B,意気揚々|意气洋洋|In High Spirits
感情的摩天楼　～ Cosmic Mind,https://thwiki.cc/%E6%84%9F%E6%83%85%E7%9A%84%E6%91%A9%E5%A4%A9%E6%A5%BC_%EF%BD%9E_Cosmic_Mind,感情の摩天楼　～ Cosmic Mind|感情的摩天楼　～ Cosmic Mind|Emotional Skyscraper ~ Cosmic Mind|感情的摩天大楼　～ Cosmic Mind
成对的神兽,https://thwiki.cc/%E6%88%90%E5%AF%B9%E7%9A%84%E7%A5%9E%E5%85%BD,一対の神獣|成对的神兽|A Pair of Divine Beasts|一对的神兽
我们的非想天则,https://thwiki.cc/%E6%88%91%E4%BB%AC%E7%9A%84%E9%9D%9E%E6%83%B3%E5%A4%A9%E5%88%99,ぼくらの非想天則|我们的非想天则|Our Hisoutensoku
战斗前会话,https://thwiki.cc/%E6%88%98%E6%96%97%E5%89%8D%E4%BC%9A%E8%AF%9D,戦闘前会話|战斗前会话|Pre-Battle Conversation Theme
战车娘所做的梦,https://thwiki.cc/%E6%88%98%E8%BD%A6%E5%A8%98%E6%89%80%E5%81%9A%E7%9A%84%E6%A2%A6,戦車むすめのみるゆめ|战车娘所做的梦|The Tank Girl's Dream
战迅,https://thwiki.cc/%E6%88%98%E8%BF%85,戦迅|战迅|Swift Battle
所爱所怜的凡尘居所,https://thwiki.cc/%E6%89%80%E7%88%B1%E6%89%80%E6%80%9C%E7%9A%84%E5%87%A1%E5%B0%98%E5%B1%85%E6%89%80,愛おしき塵の住処|所爱所怜的凡尘居所|Beloved Dwelling of Dust
所爱所怜的日常,https://thwiki.cc/%E6%89%80%E7%88%B1%E6%89%80%E6%80%9C%E7%9A%84%E6%97%A5%E5%B8%B8,愛おしき日常|所爱所怜的日常|Beloved Daily Life
拿起弹幕吧，弹幕狂们,https://thwiki.cc/%E6%8B%BF%E8%B5%B7%E5%BC%B9%E5%B9%95%E5%90%A7%EF%BC%8C%E5%BC%B9%E5%B9%95%E7%8B%82%E4%BB%AC,"弾幕を持て、バレットフィリア達よ|拿起弹幕吧，弹幕狂们|Take Thy Danmaku In Hand, O Bulletphiles"
收藏家的忧郁午后,https://thwiki.cc/%E6%94%B6%E8%97%8F%E5%AE%B6%E7%9A%84%E5%BF%A7%E9%83%81%E5%8D%88%E5%90%8E,コレクターの憂鬱な午後|收藏家的忧郁午后|The Collector's Melancholy Afternoon
收集日本各地的不可思议,https://thwiki.cc/%E6%94%B6%E9%9B%86%E6%97%A5%E6%9C%AC%E5%90%84%E5%9C%B0%E7%9A%84%E4%B8%8D%E5%8F%AF%E6%80%9D%E8%AE%AE,日本中の不思議を集めて|收集日本各地的不可思议|Gathering the Mysterious from All Around Japan
放纵不羁,https://thwiki.cc/%E6%94%BE%E7%BA%B5%E4%B8%8D%E7%BE%81,放縦不羈|放纵不羁|Free and Easy
故乡之星倒映之海,https://thwiki.cc/%E6%95%85%E4%B9%A1%E4%B9%8B%E6%98%9F%E5%80%92%E6%98%A0%E4%B9%8B%E6%B5%B7,故郷の星が映る海|故乡之星倒映之海|The Sea that Reflects One's Home Planet
散发着香气的树叶花,https://thwiki.cc/%E6%95%A3%E5%8F%91%E7%9D%80%E9%A6%99%E6%B0%94%E7%9A%84%E6%A0%91%E5%8F%B6%E8%8A%B1,香る樹葉花|散发着香气的树叶花|Fragrant Plants
文化规划都市 灵长新益京,https://thwiki.cc/%E6%96%87%E5%8C%96%E8%A7%84%E5%88%92%E9%83%BD%E5%B8%82_%E7%81%B5%E9%95%BF%E6%96%B0%E7%9B%8A%E4%BA%AC,文化計画都市　霊長新益京|文化规划都市 灵长新益京
斯普特尼克幻夜,https://thwiki.cc/%E6%96%AF%E6%99%AE%E7%89%B9%E5%B0%BC%E5%85%8B%E5%B9%BB%E5%A4%9C,スプートニク幻夜|斯普特尼克幻夜|Illusionary Sputnik Night
新幻想　～ New Fantasy,https://thwiki.cc/%E6%96%B0%E5%B9%BB%E6%83%B3_%EF%BD%9E_New_Fantasy,新幻想　～ New Fantasy|新幻想　～ New Fantasy|New Illusion ~ New Fantasy
无人气的场所,https://thwiki.cc/%E6%97%A0%E4%BA%BA%E6%B0%94%E7%9A%84%E5%9C%BA%E6%89%80,人気のない場所|无人气的场所|An Unpopular Location
无何有之乡　～ Deep Mountain,https://thwiki.cc/%E6%97%A0%E4%BD%95%E6%9C%89%E4%B9%8B%E4%B9%A1_%EF%BD%9E_Deep_Mountain,無何有の郷　～ Deep Mountain|无何有之乡　～ Deep Mountain|Paradise ~ Deep Mountain|似有似无之乡　～ Deep Mountain
无间之钟　～ Infinite Nightmare,https://thwiki.cc/%E6%97%A0%E9%97%B4%E4%B9%8B%E9%92%9F_%EF%BD%9E_Infinite_Nightmare,無間の鐘　～ Infinite Nightmare|无间之钟　～ Infinite Nightmare|Bell of Avici ~ Infinite Nightmare
日出七夕坂,https://thwiki.cc/%E6%97%A5%E5%87%BA%E4%B8%83%E5%A4%95%E5%9D%82,七夕坂に朝が来る|日出七夕坂|Dawn Breaks on Tanabatazaka
日常坐卧,https://thwiki.cc/%E6%97%A5%E5%B8%B8%E5%9D%90%E5%8D%A7,日常坐臥|日常坐卧|Usual Days
日日是红日 ～ Folksy Touhou days.,https://thwiki.cc/%E6%97%A5%E6%97%A5%E6%98%AF%E7%BA%A2%E6%97%A5_%EF%BD%9E_Folksy_Touhou_days.,日々是紅日　～ Folksy Touhou days.|日日是红日 ～ Folksy Touhou days.|Every Day a Red Day ～ Folksy Touhou days.
日渐荒废的工业遗址,https://thwiki.cc/%E6%97%A5%E6%B8%90%E8%8D%92%E5%BA%9F%E7%9A%84%E5%B7%A5%E4%B8%9A%E9%81%97%E5%9D%80,廃れゆく産業遺構|日渐荒废的工业遗址|The Obsolescent Industrial Remains
旧世界的冒险酒馆,https://thwiki.cc/%E6%97%A7%E4%B8%96%E7%95%8C%E7%9A%84%E5%86%92%E9%99%A9%E9%85%92%E9%A6%86,旧世界の冒険酒場|旧世界的冒险酒馆|Adventurer's Tavern of the Old World|旧世界的冒险酒吧
早已习惯最终孑然一身　～ Stone Goddess,https://thwiki.cc/%E6%97%A9%E5%B7%B2%E4%B9%A0%E6%83%AF%E6%9C%80%E7%BB%88%E5%AD%91%E7%84%B6%E4%B8%80%E8%BA%AB_%EF%BD%9E_Stone_Goddess,最後の一人は慣れてるから　～ Stone Goddess|早已习惯最终孑然一身　～ Stone Goddess|Because I'm Used to Being the Last One Left ~ Stone Goddess
时之风,https://thwiki.cc/%E6%97%B6%E4%B9%8B%E9%A3%8E,時の風|时之风|Winds of Time
时代风潮的造访,https://thwiki.cc/%E6%97%B6%E4%BB%A3%E9%A3%8E%E6%BD%AE%E7%9A%84%E9%80%A0%E8%AE%BF,時代の風の訪れ|时代风潮的造访|Arrival of the Winds of the Era
时刻旺盛的好奇心,https://thwiki.cc/%E6%97%B6%E5%88%BB%E6%97%BA%E7%9B%9B%E7%9A%84%E5%A5%BD%E5%A5%87%E5%BF%83,年中夢中の好奇心|时刻旺盛的好奇心|Year-Round Absorbed Curiosity|全年无休的好奇心|全年热衷的好奇心
明日之盛，昨日之俗,https://thwiki.cc/%E6%98%8E%E6%97%A5%E4%B9%8B%E7%9B%9B%EF%BC%8C%E6%98%A8%E6%97%A5%E4%B9%8B%E4%BF%97,"明日ハレの日、ケの昨日|明日之盛，昨日之俗|Tomorrow Will Be Special, Yesterday Was Not|放晴的明日、平凡的昨日|明天的节日，是昨天的日常|每一天都是快乐的日子"
明治十七年的上海爱丽丝,https://thwiki.cc/%E6%98%8E%E6%B2%BB%E5%8D%81%E4%B8%83%E5%B9%B4%E7%9A%84%E4%B8%8A%E6%B5%B7%E7%88%B1%E4%B8%BD%E4%B8%9D,明治十七年の上海アリス|明治十七年的上海爱丽丝|Shanghai Alice of Meiji 17
昏暗的风穴,https://thwiki.cc/%E6%98%8F%E6%9A%97%E7%9A%84%E9%A3%8E%E7%A9%B4,暗闇の風穴|昏暗的风穴|The Dark Blowhole
星之器　～ Casket of Star,https://thwiki.cc/%E6%98%9F%E4%B9%8B%E5%99%A8_%EF%BD%9E_Casket_of_Star,星の器　～ Casket of Star|星之器　～ Casket of Star|Vessel of Stars ~ Casket of Star
星幽剑士,https://thwiki.cc/%E6%98%9F%E5%B9%BD%E5%89%91%E5%A3%AB,星幽剣士|星幽剑士|Swordsman of a Distant Star
星条旗的小丑,https://thwiki.cc/%E6%98%9F%E6%9D%A1%E6%97%97%E7%9A%84%E5%B0%8F%E4%B8%91,星条旗のピエロ|星条旗的小丑|Pierrot of the Star-Spangled Banner
映花之塚,https://thwiki.cc/%E6%98%A0%E8%8A%B1%E4%B9%8B%E5%A1%9A,花の映る塚|映花之塚|The Mound Where the Flowers Reflect
春之冰精,https://thwiki.cc/%E6%98%A5%E4%B9%8B%E5%86%B0%E7%B2%BE,春の氷精|春之冰精|An Ice Fairy in Spring
春之冰精　- 静 -,https://thwiki.cc/%E6%98%A5%E4%B9%8B%E5%86%B0%E7%B2%BE_-_%E9%9D%99_-,春の氷精　- 静 -|春之冰精　- 静 -|An Ice Fairy in Spring - Still -
春之港湾,https://thwiki.cc/%E6%98%A5%E4%B9%8B%E6%B8%AF%E6%B9%BE,春の湊に|春之港湾|At the Harbor of Spring|春天的港湾边，春之泊处|春之岸边，在春天的尽头
春色小径　～ Colorful Path,https://thwiki.cc/%E6%98%A5%E8%89%B2%E5%B0%8F%E5%BE%84_%EF%BD%9E_Colorful_Path,春色小径　～ Colorful Path|春色小径　～ Colorful Path|Spring Lane ~ Colorful Path
春风之梦,https://thwiki.cc/%E6%98%A5%E9%A3%8E%E4%B9%8B%E6%A2%A6,春風の夢|春风之梦|Dream of a Spring Breeze
显现的传承形态,https://thwiki.cc/%E6%98%BE%E7%8E%B0%E7%9A%84%E4%BC%A0%E6%89%BF%E5%BD%A2%E6%80%81,顕現した伝承の形|显现的传承形态|Forms of Manifested Folklore
晓云,https://thwiki.cc/%E6%99%93%E4%BA%91,暁雲|晓云|Morning Clouds
智略纵横,https://thwiki.cc/%E6%99%BA%E7%95%A5%E7%BA%B5%E6%A8%AA,知略縦横|智略纵横|Scheming Outside the Box
暮色苍然,https://thwiki.cc/%E6%9A%AE%E8%89%B2%E8%8B%8D%E7%84%B6,暮色蒼然|暮色苍然|Darkening Dusk
曲名不详,https://thwiki.cc/%E6%9B%B2%E5%90%8D%E4%B8%8D%E8%AF%A6,曲名不詳|曲名不详|Untitled
最澄澈的空与海,https://thwiki.cc/%E6%9C%80%E6%BE%84%E6%BE%88%E7%9A%84%E7%A9%BA%E4%B8%8E%E6%B5%B7,最も澄みわたる空と海|最澄澈的空与海|The Purest Sky and Sea|最澄的空海|最清澈的天空与大海
月之妖鸟、化猫之幻,https://thwiki.cc/%E6%9C%88%E4%B9%8B%E5%A6%96%E9%B8%9F%E3%80%81%E5%8C%96%E7%8C%AB%E4%B9%8B%E5%B9%BB,"月の妖鳥、化猫の幻|月之妖鸟、化猫之幻|Strange Bird of the Moon, Illusion of the Mysterious Cat"
月时计　～ Luna Dial,https://thwiki.cc/%E6%9C%88%E6%97%B6%E8%AE%A1_%EF%BD%9E_Luna_Dial,月時計　～ ルナ・ダイアル|月时计　～ Luna Dial|Lunar Clock ~ Luna Dial
月见草,https://thwiki.cc/%E6%9C%88%E8%A7%81%E8%8D%89,月見草|月见草|Evening Primrose
月轮,https://thwiki.cc/%E6%9C%88%E8%BD%AE,月輪|月轮|The Moon
有人气的场所,https://thwiki.cc/%E6%9C%89%E4%BA%BA%E6%B0%94%E7%9A%84%E5%9C%BA%E6%89%80,人気のある場所|有人气的场所|A Popular Location
有珠子的日常,https://thwiki.cc/%E6%9C%89%E7%8F%A0%E5%AD%90%E7%9A%84%E6%97%A5%E5%B8%B8,ボールのある日常|有珠子的日常|An Everyday Life with Balls
有顶天变　～ Wonderful Heaven,https://thwiki.cc/%E6%9C%89%E9%A1%B6%E5%A4%A9%E5%8F%98_%EF%BD%9E_Wonderful_Heaven,有頂天変　～ Wonderful Heaven|有顶天变　～ Wonderful Heaven|Catastrophe in Bhavaagra ~ Wonderful Heaven
未知之花 魅知之旅,https://thwiki.cc/%E6%9C%AA%E7%9F%A5%E4%B9%8B%E8%8A%B1_%E9%AD%85%E7%9F%A5%E4%B9%8B%E6%97%85%EF%BC%88%E6%9B%B2%E7%9B%AE%EF%BC%89,"未知の花 魅知の旅|未知之花 魅知之旅|Unknown Flower, Mesmerizing Journey"
未知物Ｘ　～ Unfound Adventure,https://thwiki.cc/%E6%9C%AA%E7%9F%A5%E7%89%A9%EF%BC%B8_%EF%BD%9E_Unfound_Adventure,アンノウンＸ　～ Unfound Adventure|未知物Ｘ　～ Unfound Adventure|Unknown X ~ Unfound Adventure
本日的头版头条,https://thwiki.cc/%E6%9C%AC%E6%97%A5%E7%9A%84%E5%A4%B4%E7%89%88%E5%A4%B4%E6%9D%A1,本日の一面記事|本日的头版头条|Today's Front-Page Headline
机械马戏团　～ Reverie,https://thwiki.cc/%E6%9C%BA%E6%A2%B0%E9%A9%AC%E6%88%8F%E5%9B%A2_%EF%BD%9E_Reverie,機械サーカス　～ Reverie|机械马戏团　～ Reverie|Mechanical Circus ~ Reverie
来吧，直到倒地死去的那一刻,https://thwiki.cc/%E6%9D%A5%E5%90%A7%EF%BC%8C%E7%9B%B4%E5%88%B0%E5%80%92%E5%9C%B0%E6%AD%BB%E5%8E%BB%E7%9A%84%E9%82%A3%E4%B8%80%E5%88%BB,"いざ、倒れ逝くその時まで|来吧，直到倒地死去的那一刻|Now, Until the Moment You Die"
架起虹桥的幻想乡,https://thwiki.cc/%E6%9E%B6%E8%B5%B7%E8%99%B9%E6%A1%A5%E7%9A%84%E5%B9%BB%E6%83%B3%E4%B9%A1,虹の架かる幻想郷|架起虹桥的幻想乡|A Rainbow Spanning Gensokyo
柳树下的杜拉罕,https://thwiki.cc/%E6%9F%B3%E6%A0%91%E4%B8%8B%E7%9A%84%E6%9D%9C%E6%8B%89%E7%BD%95,柳の下のデュラハン|柳树下的杜拉罕|Dullahan Under the Willows|柳树下的无头女|柳下的无头骑士
桑尼米尔克的红雾异变,https://thwiki.cc/%E6%A1%91%E5%B0%BC%E7%B1%B3%E5%B0%94%E5%85%8B%E7%9A%84%E7%BA%A2%E9%9B%BE%E5%BC%82%E5%8F%98,サニーミルクの紅霧異変|桑尼米尔克的红雾异变|Sunny Milk's Scarlet Mist Incident
梦境与现实的境界,https://thwiki.cc/%E6%A2%A6%E5%A2%83%E4%B8%8E%E7%8E%B0%E5%AE%9E%E7%9A%84%E5%A2%83%E7%95%8C,夢と現の境界|梦境与现实的境界|Border Between Dreams and Reality
梦幻回廊,https://thwiki.cc/%E6%A2%A6%E5%B9%BB%E5%9B%9E%E5%BB%8A,夢幻回廊|梦幻回廊|Fantasy Corridor
梦幻游戏　～ Dream War,https://thwiki.cc/%E6%A2%A6%E5%B9%BB%E6%B8%B8%E6%88%8F_%EF%BD%9EDream_War,夢幻遊戯　～Dream War|梦幻游戏　～ Dream War|Visionary Game ~ Dream War
梦幻能　～ Taboo Marionette,https://thwiki.cc/%E6%A2%A6%E5%B9%BB%E8%83%BD_%EF%BD%9E_Taboo_Marionette,夢幻能　～ Taboo Marionette|梦幻能　～ Taboo Marionette|Mugen Noh ~ Taboo Marionette
梦想时空,https://thwiki.cc/%E6%A2%A6%E6%83%B3%E6%97%B6%E7%A9%BA,夢想時空|梦想时空|Dimension of Reverie
梦想超越时空,https://thwiki.cc/%E6%A2%A6%E6%83%B3%E8%B6%85%E8%B6%8A%E6%97%B6%E7%A9%BA,夢は時空を越えて|梦想超越时空|A Dream Transcending Space-Time
梦机械　～ Innocent Power,https://thwiki.cc/%E6%A2%A6%E6%9C%BA%E6%A2%B0_%EF%BD%9E_Innocent_Power,夢機械　～ Innocent Power|梦机械　～ Innocent Power|Dream Machine ~ Innocent Power
梦殿大祀庙,https://thwiki.cc/%E6%A2%A6%E6%AE%BF%E5%A4%A7%E7%A5%80%E5%BA%99,夢殿大祀廟|梦殿大祀庙|The Hall of Dreams' Great Mausoleum
梦消失　～ Lost Dream,https://thwiki.cc/%E6%A2%A6%E6%B6%88%E5%A4%B1_%EF%BD%9E_Lost_Dream,夢消失　～Lost Dream|梦消失　～ Lost Dream|Vanishing Dream ~ Lost Dream
森林里面有鬼怪哦,https://thwiki.cc/%E6%A3%AE%E6%9E%97%E9%87%8C%E9%9D%A2%E6%9C%89%E9%AC%BC%E6%80%AA%E5%93%A6,森にはお化けがいるよ|森林里面有鬼怪哦|There's a Monster in the Woods
森闲,https://thwiki.cc/%E6%A3%AE%E9%97%B2,森閑|森闲|Silence
樱花之恋塚　～ Flower of Japan,https://thwiki.cc/%E6%A8%B1%E8%8A%B1%E4%B9%8B%E6%81%8B%E5%A1%9A_%EF%BD%9E_Flower_of_Japan,桜花之恋塚　～ Flower of Japan|樱花之恋塚　～ Flower of Japan|Lovely Mound of Cherry Blossoms ~ Flower of Japan
樱花樱花　～ Japanize Dream...,https://thwiki.cc/%E6%A8%B1%E8%8A%B1%E6%A8%B1%E8%8A%B1_%EF%BD%9E_Japanize_Dream...,"さくらさくら　～ Japanize Dream...|樱花樱花　～ Japanize Dream...|Sakura, Sakura ~ Japanize Dream..."
樱花舞落的天空,https://thwiki.cc/%E6%A8%B1%E8%8A%B1%E8%88%9E%E8%90%BD%E7%9A%84%E5%A4%A9%E7%A9%BA,桜舞い散る天空|樱花舞落的天空|The Sky Where Cherry Blossoms Flutter Down
欢迎来到妖怪寺,https://thwiki.cc/%E6%AC%A2%E8%BF%8E%E6%9D%A5%E5%88%B0%E5%A6%96%E6%80%AA%E5%AF%BA,妖怪寺へようこそ|欢迎来到妖怪寺|Welcome to Youkai Temple|欢迎莅临妖怪寺|欢迎光临妖怪寺
欢迎来到月面旅行团,https://thwiki.cc/%E6%AC%A2%E8%BF%8E%E6%9D%A5%E5%88%B0%E6%9C%88%E9%9D%A2%E6%97%85%E8%A1%8C%E5%9B%A2,月面ツアーへようこそ|欢迎来到月面旅行团|Welcome to the Moon Tour
欲望深重的灵魂,https://thwiki.cc/%E6%AC%B2%E6%9C%9B%E6%B7%B1%E9%87%8D%E7%9A%84%E7%81%B5%E9%AD%82,欲深き霊魂|欲望深重的灵魂|Spirit of Avarice|强欲的灵魂
此岸之塚,https://thwiki.cc/%E6%AD%A4%E5%B2%B8%E4%B9%8B%E5%A1%9A,此岸の塚|此岸之塚|Mound of Shigan
死灵的夜樱,https://thwiki.cc/%E6%AD%BB%E7%81%B5%E7%9A%84%E5%A4%9C%E6%A8%B1,死霊の夜桜|死灵的夜樱|Night Sakura of Dead Spirits
比普朗克更短的须臾,https://thwiki.cc/%E6%AF%94%E6%99%AE%E6%9C%97%E5%85%8B%E6%9B%B4%E7%9F%AD%E7%9A%84%E9%A1%BB%E8%87%BE,須臾はプランクを超えて|比普朗克更短的须臾|An Instant that Exceeds Planck's Time
比红色更虚无的永远,https://thwiki.cc/%E6%AF%94%E7%BA%A2%E8%89%B2%E6%9B%B4%E8%99%9A%E6%97%A0%E7%9A%84%E6%B0%B8%E8%BF%9C,紅より儚い永遠|比红色更虚无的永远|An Eternity More Transient than Scarlet
比赤色更红的梦,https://thwiki.cc/%E6%AF%94%E8%B5%A4%E8%89%B2%E6%9B%B4%E7%BA%A2%E7%9A%84%E6%A2%A6,赤より紅い夢|比赤色更红的梦|A Dream More Scarlet than Red
毕竟不单夜晚有鬼怪,https://thwiki.cc/%E6%AF%95%E7%AB%9F%E4%B8%8D%E5%8D%95%E5%A4%9C%E6%99%9A%E6%9C%89%E9%AC%BC%E6%80%AA,夜じゃなくてもお化けはいるから|毕竟不单夜晚有鬼怪|Ghosts Exist Even When It's Not Night
永夜抄　～ Eastern Night.,https://thwiki.cc/%E6%B0%B8%E5%A4%9C%E6%8A%84_%EF%BD%9E_Eastern_Night.,永夜抄　～ Eastern Night.|永夜抄　～ Eastern Night.|Eternal Night Vignette ~ Eastern Night
永夜的报应　～ Imperishable Night,https://thwiki.cc/%E6%B0%B8%E5%A4%9C%E7%9A%84%E6%8A%A5%E5%BA%94_%EF%BD%9E_Imperishable_Night,永夜の報い　～ Imperishable Night|永夜的报应　～ Imperishable Night|Retribution for the Eternal Night ~ Imperishable Night
永远之巫女,https://thwiki.cc/%E6%B0%B8%E8%BF%9C%E4%B9%8B%E5%B7%AB%E5%A5%B3,永遠の巫女|永远之巫女|Eternal Shrine Maiden
永远延续的回廊,https://thwiki.cc/%E6%B0%B8%E8%BF%9C%E5%BB%B6%E7%BB%AD%E7%9A%84%E5%9B%9E%E5%BB%8A,永遠に続く回廊|永远延续的回廊|Corridor Stretching to Eternity
永远的三日天下,https://thwiki.cc/%E6%B0%B8%E8%BF%9C%E7%9A%84%E4%B8%89%E6%97%A5%E5%A4%A9%E4%B8%8B,永遠の三日天下|永远的三日天下|Eternal Transient Reign
永远的乐园,https://thwiki.cc/%E6%B0%B8%E8%BF%9C%E7%9A%84%E4%B9%90%E5%9B%AD,久遠の楽園|永远的乐园|Eternal Paradise
永远的春梦,https://thwiki.cc/%E6%B0%B8%E8%BF%9C%E7%9A%84%E6%98%A5%E6%A2%A6,永遠の春夢|永远的春梦|Eternal Spring Dream
永远的满月,https://thwiki.cc/%E6%B0%B8%E8%BF%9C%E7%9A%84%E6%BB%A1%E6%9C%88,永遠の満月|永远的满月|Eternal Full Moon
沉入记忆深海的少女,https://thwiki.cc/%E6%B2%89%E5%85%A5%E8%AE%B0%E5%BF%86%E6%B7%B1%E6%B5%B7%E7%9A%84%E5%B0%91%E5%A5%B3,記憶の深海に沈む少女|沉入记忆深海的少女|The Maiden Sinking into the Deep Sea of Memory
沉向空中的辉针城,https://thwiki.cc/%E6%B2%89%E5%90%91%E7%A9%BA%E4%B8%AD%E7%9A%84%E8%BE%89%E9%92%88%E5%9F%8E,空中に沈む輝針城|沉向空中的辉针城|The Shining Needle Castle Sinking in the Air|沉没于空中的辉针城
沉睡的恐怖　～ Sleeping Terror,https://thwiki.cc/%E6%B2%89%E7%9D%A1%E7%9A%84%E6%81%90%E6%80%96_%EF%BD%9E_Sleeping_Terror,眠れる恐怖　～Sleeping Terror|沉睡的恐怖　～ Sleeping Terror|Sleeping Terror
沉默的兽灵,https://thwiki.cc/%E6%B2%89%E9%BB%98%E7%9A%84%E5%85%BD%E7%81%B5,物言わぬ獣の霊|沉默的兽灵|Silent Beast Spirits
没用上的场所,https://thwiki.cc/%E6%B2%A1%E7%94%A8%E4%B8%8A%E7%9A%84%E5%9C%BA%E6%89%80,使われなかった場所|没用上的场所|An Unused Location
法力之下的平等,https://thwiki.cc/%E6%B3%95%E5%8A%9B%E4%B9%8B%E4%B8%8B%E7%9A%84%E5%B9%B3%E7%AD%89,法力の下の平等|法力之下的平等|Equality Under the Law of Dharma
法界之火,https://thwiki.cc/%E6%B3%95%E7%95%8C%E4%B9%8B%E7%81%AB,法界の火|法界之火|Fires of Hokkai
泽之河童的技术力,https://thwiki.cc/%E6%B3%BD%E4%B9%8B%E6%B2%B3%E7%AB%A5%E7%9A%84%E6%8A%80%E6%9C%AF%E5%8A%9B,沢の河童の技術力|泽之河童的技术力|The Ravine Kappa's Technological Prowess
活泼的纯情小姑娘,https://thwiki.cc/%E6%B4%BB%E6%B3%BC%E7%9A%84%E7%BA%AF%E6%83%85%E5%B0%8F%E5%A7%91%E5%A8%98,おてんば恋娘|活泼的纯情小姑娘|Tomboyish Girl in Love|快活的恋爱少女
浪漫逃飞行,https://thwiki.cc/%E6%B5%AA%E6%BC%AB%E9%80%83%E9%A3%9E%E8%A1%8C,ロマンチック逃飛行|浪漫逃飞行|Romantic Escape Flight
深山的遭遇,https://thwiki.cc/%E6%B7%B1%E5%B1%B1%E7%9A%84%E9%81%AD%E9%81%87,山奥のエンカウンター|深山的遭遇|Deep-Mountain Encounter
深绿掩映的断崖,https://thwiki.cc/%E6%B7%B1%E7%BB%BF%E6%8E%A9%E6%98%A0%E7%9A%84%E6%96%AD%E5%B4%96,深緑に隠された断崖|深绿掩映的断崖|The Cliff Hidden in Deep Green
渴盼已久的逢魔之刻,https://thwiki.cc/%E6%B8%B4%E7%9B%BC%E5%B7%B2%E4%B9%85%E7%9A%84%E9%80%A2%E9%AD%94%E4%B9%8B%E5%88%BB,待ちわびた逢魔が時|渴盼已久的逢魔之刻|The Long-Awaited Oumagatoki
湖上倒映着洁净的月光,https://thwiki.cc/%E6%B9%96%E4%B8%8A%E5%80%92%E6%98%A0%E7%9D%80%E6%B4%81%E5%87%80%E7%9A%84%E6%9C%88%E5%85%89,湖は浄めの月光を映して|湖上倒映着洁净的月光|The Lake Reflects the Cleansed Moonlight
满月的竹林,https://thwiki.cc/%E6%BB%A1%E6%9C%88%E7%9A%84%E7%AB%B9%E6%9E%97,満月の竹林|满月的竹林|Bamboo Forest of the Full Moon|满月竹林
漂浮于宇宙之中的幻想乡,https://thwiki.cc/%E6%BC%82%E6%B5%AE%E4%BA%8E%E5%AE%87%E5%AE%99%E4%B9%8B%E4%B8%AD%E7%9A%84%E5%B9%BB%E6%83%B3%E4%B9%A1,宇宙に浮かぶ幻想郷|漂浮于宇宙之中的幻想乡|The Gensokyo That Floats in Outer Space
漫游旧地狱街道,https://thwiki.cc/%E6%BC%AB%E6%B8%B8%E6%97%A7%E5%9C%B0%E7%8B%B1%E8%A1%97%E9%81%93,旧地獄街道を行く|漫游旧地狱街道|Walking the Streets of a Former Hell
灭杀龙王的公主,https://thwiki.cc/%E7%81%AD%E6%9D%80%E9%BE%99%E7%8E%8B%E7%9A%84%E5%85%AC%E4%B8%BB,龍王殺しのプリンセス|灭杀龙王的公主|The Princess Who Slays Dragon Kings
灰姑娘的笼子　～ Kagome-Kagome,https://thwiki.cc/%E7%81%B0%E5%A7%91%E5%A8%98%E7%9A%84%E7%AC%BC%E5%AD%90_%EF%BD%9E_Kagome-Kagome,シンデレラケージ　～ Kagome-Kagome|灰姑娘的笼子　～ Kagome-Kagome|Cinderella Cage ~ Kagome-Kagome
灵人的休息日,https://thwiki.cc/%E7%81%B5%E4%BA%BA%E7%9A%84%E4%BC%91%E6%81%AF%E6%97%A5,霊人の休日|灵人的休息日|Ghostly Person's Holiday
灵天　～ Spiritual Heaven,https://thwiki.cc/%E7%81%B5%E5%A4%A9_%EF%BD%9E_Spiritual_Heaven,霊天　～ Spiritual Heaven|灵天　～ Spiritual Heaven|Spiritual Heaven
灵异任你选,https://thwiki.cc/%E7%81%B5%E5%BC%82%E4%BB%BB%E4%BD%A0%E9%80%89,オカルトアラカルト|灵异任你选|Occult à la Carte
灵战　～ Perdition crisis,https://thwiki.cc/%E7%81%B5%E6%88%98_%EF%BD%9E_Perdition_crisis,霊戦　～ Perdition crisis|灵战　～ Perdition crisis|Spirit Battle ~ Perdition crisis
灵知的太阳信仰　～ Nuclear Fusion,https://thwiki.cc/%E7%81%B5%E7%9F%A5%E7%9A%84%E5%A4%AA%E9%98%B3%E4%BF%A1%E4%BB%B0_%EF%BD%9E_Nuclear_Fusion,霊知の太陽信仰　～ Nuclear Fusion|灵知的太阳信仰　～ Nuclear Fusion|Solar Sect of Mystic Wisdom ~ Nuclear Fusion
灵魂安息之所,https://thwiki.cc/%E7%81%B5%E9%AD%82%E5%AE%89%E6%81%AF%E4%B9%8B%E6%89%80,魂の休らむ所|灵魂安息之所|Soul's Resting Place
熙攘市场今何在　～ Immemorial Marketeers,https://thwiki.cc/%E7%86%99%E6%94%98%E5%B8%82%E5%9C%BA%E4%BB%8A%E4%BD%95%E5%9C%A8_%EF%BD%9E_Immemorial_Marketeers,あの賑やかな市場は今どこに　～ Immemorial Marketeers|熙攘市场今何在　～ Immemorial Marketeers|Where Is That Bustling Marketplace Now ~ Immemorial Marketeers
燃起犯规的狼烟,https://thwiki.cc/%E7%87%83%E8%B5%B7%E7%8A%AF%E8%A7%84%E7%9A%84%E7%8B%BC%E7%83%9F,反則の狼煙を上げろ|燃起犯规的狼烟|Raise the Signal Fire of Cheating
燕石博物志所带来的黑暗,https://thwiki.cc/%E7%87%95%E7%9F%B3%E5%8D%9A%E7%89%A9%E5%BF%97%E6%89%80%E5%B8%A6%E6%9D%A5%E7%9A%84%E9%BB%91%E6%9A%97,燕石博物誌が連れてきた闇|燕石博物志所带来的黑暗|The Darkness Brought In by Swallowstone Naturalis Historia
特佩斯的年幼末裔,https://thwiki.cc/%E7%89%B9%E4%BD%A9%E6%96%AF%E7%9A%84%E5%B9%B4%E5%B9%BC%E6%9C%AB%E8%A3%94,ツェペシュの幼き末裔|特佩斯的年幼末裔|The Young Descendant of Tepes
特洛伊群的密林,https://thwiki.cc/%E7%89%B9%E6%B4%9B%E4%BC%8A%E7%BE%A4%E7%9A%84%E5%AF%86%E6%9E%97,トロヤ群の密林|特洛伊群的密林|Trojan Asteroid Jungle
狂气之瞳　～ Invisible Full Moon,https://thwiki.cc/%E7%8B%82%E6%B0%94%E4%B9%8B%E7%9E%B3_%EF%BD%9E_Invisible_Full_Moon,狂気の瞳　～ Invisible Full Moon|狂气之瞳　～ Invisible Full Moon|Lunatic Eyes ~ Invisible Full Moon
独一无二的投影,https://thwiki.cc/%E7%8B%AC%E4%B8%80%E6%97%A0%E4%BA%8C%E7%9A%84%E6%8A%95%E5%BD%B1,唯一無二のシミュラークル|独一无二的投影|Independent Simulacrum|独一无二的Simulacrum
独自一人的常陆行路,https://thwiki.cc/%E7%8B%AC%E8%87%AA%E4%B8%80%E4%BA%BA%E7%9A%84%E5%B8%B8%E9%99%86%E8%A1%8C%E8%B7%AF,ひとりぼっちの常陸行路|独自一人的常陆行路|The Lonely Road of Hitachi
猎鹿旧忆回潮,https://thwiki.cc/%E7%8C%8E%E9%B9%BF%E6%97%A7%E5%BF%86%E5%9B%9E%E6%BD%AE,鹿狩りのレミニセンス|猎鹿旧忆回潮|Reminiscence of Deer Hunting
献给已逝公主的七重奏,https://thwiki.cc/%E7%8C%AE%E7%BB%99%E5%B7%B2%E9%80%9D%E5%85%AC%E4%B8%BB%E7%9A%84%E4%B8%83%E9%87%8D%E5%A5%8F,亡き王女の為のセプテット|献给已逝公主的七重奏|Septette for a Dead Princess
现代妖怪殖民地,https://thwiki.cc/%E7%8E%B0%E4%BB%A3%E5%A6%96%E6%80%AA%E6%AE%96%E6%B0%91%E5%9C%B0,妖怪モダンコロニー|现代妖怪殖民地|Youkai Modern Colony
珍奇的上海古牌,https://thwiki.cc/%E7%8F%8D%E5%A5%87%E7%9A%84%E4%B8%8A%E6%B5%B7%E5%8F%A4%E7%89%8C,キュアリアス上海古牌|珍奇的上海古牌|Curious Old Shanghai Tile|好奇的上海古牌
甲论乙驳,https://thwiki.cc/%E7%94%B2%E8%AE%BA%E4%B9%99%E9%A9%B3,甲論乙駁|甲论乙驳|Argue for and Against
畜生们的小憩,https://thwiki.cc/%E7%95%9C%E7%94%9F%E4%BB%AC%E7%9A%84%E5%B0%8F%E6%86%A9,畜生達の休息|畜生们的小憩|The Animals' Rest
疑惑的萌芽,https://thwiki.cc/%E7%96%91%E6%83%91%E7%9A%84%E8%90%8C%E8%8A%BD,疑惑の芽生え|疑惑的萌芽|Sprouts of Suspicion
白色旅人,https://thwiki.cc/%E7%99%BD%E8%89%B2%E6%97%85%E4%BA%BA,白い旅人|白色旅人|White Traveler
相信可能性,https://thwiki.cc/%E7%9B%B8%E4%BF%A1%E5%8F%AF%E8%83%BD%E6%80%A7,可能性を信じて|相信可能性|Believe in Possibilities
眷爱众生之神　～ Romantic Fall,https://thwiki.cc/%E7%9C%B7%E7%88%B1%E4%BC%97%E7%94%9F%E4%B9%8B%E7%A5%9E_%EF%BD%9E_Romantic_Fall,人恋し神様　～ Romantic Fall|眷爱众生之神　～ Romantic Fall|A God That Misses People ~ Romantic Fall|喜爱人类的神明　～ Romantic Fall|眷恋众人之神　～ Romantic Fall
知晓真相之人,https://thwiki.cc/%E7%9F%A5%E6%99%93%E7%9C%9F%E7%9B%B8%E4%B9%8B%E4%BA%BA,真実を知る者|知晓真相之人|Those Who Know the Truth
石之婴儿与水中牛,https://thwiki.cc/%E7%9F%B3%E4%B9%8B%E5%A9%B4%E5%84%BF%E4%B8%8E%E6%B0%B4%E4%B8%AD%E7%89%9B,石の赤子と水中の牛|石之婴儿与水中牛|The Stone Baby and the Submerged Bovine
破邪的小太刀,https://thwiki.cc/%E7%A0%B4%E9%82%AA%E7%9A%84%E5%B0%8F%E5%A4%AA%E5%88%80,破邪の小太刀|破邪的小太刀|Blade of Banishment
碎月,https://thwiki.cc/%E7%A2%8E%E6%9C%88,砕月|碎月|Broken Moon
神代矿石,https://thwiki.cc/%E7%A5%9E%E4%BB%A3%E7%9F%BF%E7%9F%B3,神代鉱石|神代矿石|Ore from the Age of the Gods
神圣庄严的古战场　～ Suwa Foughten Field,https://thwiki.cc/%E7%A5%9E%E5%9C%A3%E5%BA%84%E4%B8%A5%E7%9A%84%E5%8F%A4%E6%88%98%E5%9C%BA_%EF%BD%9E_Suwa_Foughten_Field,神さびた古戦場　～ Suwa Foughten Field|神圣庄严的古战场　～ Suwa Foughten Field|The Venerable Ancient Battlefield ~ Suwa Foughten Field
神域的捉迷藏生活,https://thwiki.cc/%E7%A5%9E%E5%9F%9F%E7%9A%84%E6%8D%89%E8%BF%B7%E8%97%8F%E7%94%9F%E6%B4%BB,神域のかくれんぼ暮らし|神域的捉迷藏生活|The Hide-and-Seek Lifestyle at the Shrine
神明降下恩惠之雨　～ Sylphid Dream,https://thwiki.cc/%E7%A5%9E%E6%98%8E%E9%99%8D%E4%B8%8B%E6%81%A9%E6%83%A0%E4%B9%8B%E9%9B%A8_%EF%BD%9E_Sylphid_Dream,神は恵みの雨を降らす　～ Sylphid Dream|神明降下恩惠之雨　～ Sylphid Dream|The Gods Give Us Blessed Rain ~ Sylphid Dream
神社,https://thwiki.cc/%E7%A5%9E%E7%A4%BE,神社|神社|Shinto Shrine
神社的新风,https://thwiki.cc/%E7%A5%9E%E7%A4%BE%E7%9A%84%E6%96%B0%E9%A3%8E,神社の新しい風|神社的新风|A New Wind at the Shrine|神社的新气象
神秘的人偶　～ God Knows,https://thwiki.cc/%E7%A5%9E%E7%A7%98%E7%9A%84%E4%BA%BA%E5%81%B6_%EF%BD%9E_God_Knows,エニグマティクドール　～ God Knows|神秘的人偶　～ God Knows|Enigmatic Doll ~ God Knows
神篱，如紫色火焰般燃烧,https://thwiki.cc/%E7%A5%9E%E7%AF%B1%EF%BC%8C%E5%A6%82%E7%B4%AB%E8%89%B2%E7%81%AB%E7%84%B0%E8%88%AC%E7%87%83%E7%83%A7,"ひもろぎ、むらさきにもえ|神篱，如紫色火焰般燃烧|Himorogi, Burn in Violet"
神话幻想　～ Infinite Being,https://thwiki.cc/%E7%A5%9E%E8%AF%9D%E5%B9%BB%E6%83%B3_%EF%BD%9E_Infinite_Being,神話幻想　～ Infinite Being|神话幻想　～ Infinite Being|Legendary Illusion ~ Infinite Being
祭司王约翰的黄金境,https://thwiki.cc/%E7%A5%AD%E5%8F%B8%E7%8E%8B%E7%BA%A6%E7%BF%B0%E7%9A%84%E9%BB%84%E9%87%91%E5%A2%83,プレステ・ジョアンの黄金境|祭司王约翰的黄金境|Golden Land of Prester John
祸机,https://thwiki.cc/%E7%A5%B8%E6%9C%BA,禍機|祸机|Bad Omen
禁忌之门对侧，是此世还是彼世,https://thwiki.cc/%E7%A6%81%E5%BF%8C%E4%B9%8B%E9%97%A8%E5%AF%B9%E4%BE%A7%EF%BC%8C%E6%98%AF%E6%AD%A4%E4%B8%96%E8%BF%98%E6%98%AF%E5%BD%BC%E4%B8%96,"禁断の扉の向こうは、この世かあの世か|禁忌之门对侧，是此世还是彼世|Does the Forbidden Door Lead to This World, or the World Beyond?"
禁忌的膜壁,https://thwiki.cc/%E7%A6%81%E5%BF%8C%E7%9A%84%E8%86%9C%E5%A3%81,禁忌の膜壁|禁忌的膜壁|The Taboo Membrane Wall
禁忌的魔法　～ Forbidden Magic,https://thwiki.cc/%E7%A6%81%E5%BF%8C%E7%9A%84%E9%AD%94%E6%B3%95_%EF%BD%9E_Forbidden_Magic,禁断の魔法　～ Forbidden Magic|禁忌的魔法　～ Forbidden Magic|Forbidden Magic
秋霜玉　～ Clockworks,https://thwiki.cc/%E7%A7%8B%E9%9C%9C%E7%8E%89_%EF%BD%9E_Clockworks,秋霜玉　～ Clockworks|秋霜玉　～ Clockworks|Autumn Frost Orb ~ Clockworks
科学世纪的少年少女,https://thwiki.cc/%E7%A7%91%E5%AD%A6%E4%B8%96%E7%BA%AA%E7%9A%84%E5%B0%91%E5%B9%B4%E5%B0%91%E5%A5%B3,科学世紀の少年少女|科学世纪的少年少女|Boys and Girls of the Age of Science
秘境的人鱼,https://thwiki.cc/%E7%A7%98%E5%A2%83%E7%9A%84%E4%BA%BA%E9%B1%BC,秘境のマーメイド|秘境的人鱼|Mermaid from the Uncharted Land|秘境人鱼
秘神摩多罗　～ Hidden Star in All Seasons.,https://thwiki.cc/%E7%A7%98%E7%A5%9E%E6%91%A9%E5%A4%9A%E7%BD%97_%EF%BD%9E_Hidden_Star_in_All_Seasons.,秘神マターラ　～ Hidden Star in All Seasons.|秘神摩多罗　～ Hidden Star in All Seasons.|Secret God Matara ~ Hidden Star in All Seasons.
稀客,https://thwiki.cc/%E7%A8%80%E5%AE%A2,珍客|稀客|Unexpected Visitor
稀翁玉　～ Fairy Dance,https://thwiki.cc/%E7%A8%80%E7%BF%81%E7%8E%89_%EF%BD%9E_Fairy_Dance,稀翁玉　～ Fairy Dance|稀翁玉　～ Fairy Dance|Rare Venerable Orb ~ Fairy Dance
空中的归路　～ Sky Dream,https://thwiki.cc/%E7%A9%BA%E4%B8%AD%E7%9A%84%E5%BD%92%E8%B7%AF_%EF%BD%9E_Sky_Dream,空の帰り道　～ Sky Dream|空中的归路　～ Sky Dream|Returning Home from the Sky ~ Sky Dream
空中飘浮的物体Ｘ,https://thwiki.cc/%E7%A9%BA%E4%B8%AD%E9%A3%98%E6%B5%AE%E7%9A%84%E7%89%A9%E4%BD%93%EF%BC%B8,"空に浮かぶ物体Ｘ|空中飘浮的物体Ｘ|X, the Floating Object in the Sky|浮游于空的物体Ｘ"
空中飞翔的巫女不可思议的每天,https://thwiki.cc/%E7%A9%BA%E4%B8%AD%E9%A3%9E%E7%BF%94%E7%9A%84%E5%B7%AB%E5%A5%B3%E4%B8%8D%E5%8F%AF%E6%80%9D%E8%AE%AE%E7%9A%84%E6%AF%8F%E5%A4%A9,空飛ぶ巫女の不思議な毎日|空中飞翔的巫女不可思议的每天|The Strange Everyday Life of the Flying Shrine Maiden
童祭　～ Innocent Treasures,https://thwiki.cc/%E7%AB%A5%E7%A5%AD_%EF%BD%9E_Innocent_Treasures,童祭　～ Innocent Treasures|童祭　～ Innocent Treasures|Kid's Festival ~ Innocent Treasures
竹取飞翔　～ Lunatic Princess,https://thwiki.cc/%E7%AB%B9%E5%8F%96%E9%A3%9E%E7%BF%94_%EF%BD%9E_Lunatic_Princess,竹取飛翔　～ Lunatic Princess|竹取飞翔　～ Lunatic Princess|Flight of the Bamboo Cutter ~ Lunatic Princess
竹林大火,https://thwiki.cc/%E7%AB%B9%E6%9E%97%E5%A4%A7%E7%81%AB,竹林インフレイム|竹林大火|Bamboo Forest in Flames
第100次黑市,https://thwiki.cc/%E7%AC%AC100%E6%AC%A1%E9%BB%91%E5%B8%82,１００回目のブラックマーケット|第100次黑市|The Hundredth Black Market
第六十年的东方审判　～ Fate of Sixty Years,https://thwiki.cc/%E7%AC%AC%E5%85%AD%E5%8D%81%E5%B9%B4%E7%9A%84%E4%B8%9C%E6%96%B9%E5%AE%A1%E5%88%A4_%EF%BD%9E_Fate_of_Sixty_Years,六十年目の東方裁判　～ Fate of Sixty Years|第六十年的东方审判　～ Fate of Sixty Years|Eastern Judgement in the Sixtieth Year ~ Fate of Sixty Years
红响曲　～ Scarlet Phoneme,https://thwiki.cc/%E7%BA%A2%E5%93%8D%E6%9B%B2_%EF%BD%9E_Scarlet_Phoneme,紅響曲　～ Scarlet Phoneme|红响曲　～ Scarlet Phoneme|Scarlet Symphony ~ Scarlet Phoneme
红夜,https://thwiki.cc/%E7%BA%A2%E5%A4%9C,紅夜|红夜|Scarlet Night
红楼　～ Eastern Dream...,https://thwiki.cc/%E7%BA%A2%E6%A5%BC_%EF%BD%9E_Eastern_Dream...,紅楼　～ Eastern Dream...|红楼　～ Eastern Dream...|Scarlet Tower ~ Eastern Dream...
绯想天,https://thwiki.cc/%E7%BB%AF%E6%83%B3%E5%A4%A9,緋想天|绯想天|Heaven of Scarlet Perception
绯红的少女　～ Crimson Dead!!,https://thwiki.cc/%E7%BB%AF%E7%BA%A2%E7%9A%84%E5%B0%91%E5%A5%B3_%EF%BD%9E_Crimson_Dead!!,真紅の少女　～ Crimson Dead!!|绯红的少女　～ Crimson Dead!!|Crimson Maiden ~ Crimson Dead!!
绵月的符卡　～ Lunatic Blue,https://thwiki.cc/%E7%BB%B5%E6%9C%88%E7%9A%84%E7%AC%A6%E5%8D%A1_%EF%BD%9E_Lunatic_Blue,綿月のスペルカード　～ Lunatic Blue|绵月的符卡　～ Lunatic Blue|Watatsuki's Spell Card ~ Lunatic Blue
绿意盎然的疗养院,https://thwiki.cc/%E7%BB%BF%E6%84%8F%E7%9B%8E%E7%84%B6%E7%9A%84%E7%96%97%E5%85%BB%E9%99%A2,緑のサナトリウム|绿意盎然的疗养院|Green Sanatorium
绿眼的嫉妒,https://thwiki.cc/%E7%BB%BF%E7%9C%BC%E7%9A%84%E5%AB%89%E5%A6%92,緑眼のジェラシー|绿眼的嫉妒|Green-Eyed Jealousy
背叛的少女　～ Judas Kiss,https://thwiki.cc/%E8%83%8C%E5%8F%9B%E7%9A%84%E5%B0%91%E5%A5%B3_%EF%BD%9E_Judas_Kiss,裏切りの少女　～ Judas Kiss|背叛的少女　～ Judas Kiss|Treacherous Maiden ~ Judas Kiss
胜利对话,https://thwiki.cc/%E8%83%9C%E5%88%A9%E5%AF%B9%E8%AF%9D,勝利デモ|胜利对话|Victory Demonstration
能源黎明　～ Future Dream...,https://thwiki.cc/%E8%83%BD%E6%BA%90%E9%BB%8E%E6%98%8E_%EF%BD%9E_Future_Dream...,エネルギー黎明　～ Future Dream...|能源黎明　～ Future Dream...|Energy Daybreak ~ Future Dream...
芥川龙之介的河童　～ Candid Friend,https://thwiki.cc/%E8%8A%A5%E5%B7%9D%E9%BE%99%E4%B9%8B%E4%BB%8B%E7%9A%84%E6%B2%B3%E7%AB%A5_%EF%BD%9E_Candid_Friend,"芥川龍之介の河童　～ Candid Friend|芥川龙之介的河童　～ Candid Friend|Akutagawa Ryuunosuke's ""Kappa"" ~ Candid Friend"
花如幻想一般,https://thwiki.cc/%E8%8A%B1%E5%A6%82%E5%B9%BB%E6%83%B3%E4%B8%80%E8%88%AC,花は幻想のままに|花如幻想一般|The Flowers Remain in Fantasy
花映塚　～ Higan Retour,https://thwiki.cc/%E8%8A%B1%E6%98%A0%E5%A1%9A_%EF%BD%9E_Higan_Retour,花映塚　～ Higan Retour|花映塚　～ Higan Retour|Flower Reflecting Mound ~ Higan Retour
萃梦想,https://thwiki.cc/%E8%90%83%E6%A2%A6%E6%83%B3%EF%BC%88%E6%9B%B2%E7%9B%AE%EF%BC%89,萃夢想|萃梦想|Memory of Forgathering Dream
落日映照下的逆城,https://thwiki.cc/%E8%90%BD%E6%97%A5%E6%98%A0%E7%85%A7%E4%B8%8B%E7%9A%84%E9%80%86%E5%9F%8E,落日に映える逆さ城|落日映照下的逆城|The Inverted Castle Lit by the Setting Sun
蓬莱传说,https://thwiki.cc/%E8%93%AC%E8%8E%B1%E4%BC%A0%E8%AF%B4,蓬莱伝説|蓬莱传说|Legend of Hourai
蓬莱幻想　～ far East,https://thwiki.cc/%E8%93%AC%E8%8E%B1%E5%B9%BB%E6%83%B3_%EF%BD%9E_far_East,蓬莱幻想　～ far East|蓬莱幻想　～ far East|Hourai Illusion ~ far East
薛定谔的怪猫,https://thwiki.cc/%E8%96%9B%E5%AE%9A%E8%B0%94%E7%9A%84%E6%80%AA%E7%8C%AB,シュレディンガーの化猫|薛定谔的怪猫|Schrödinger's Bakeneko
虎纹的毘沙门天,https://thwiki.cc/%E8%99%8E%E7%BA%B9%E7%9A%84%E6%AF%98%E6%B2%99%E9%97%A8%E5%A4%A9,虎柄の毘沙門天|虎纹的毘沙门天|The Tiger-Patterned Bishamonten|虎纹的毗沙门天|虎柄的毗沙门天
虹色的世界,https://thwiki.cc/%E8%99%B9%E8%89%B2%E7%9A%84%E4%B8%96%E7%95%8C,虹色の世界|虹色的世界|The Rainbow-Colored World
蠢蠢的秋月　～ Mooned Insect,https://thwiki.cc/%E8%A0%A2%E8%A0%A2%E7%9A%84%E7%A7%8B%E6%9C%88_%EF%BD%9E_Mooned_Insect,蠢々秋月　～ Mooned Insect|蠢蠢的秋月　～ Mooned Insect|Stirring an Autumn Moon ~ Mooned Insect
行云流水,https://thwiki.cc/%E8%A1%8C%E4%BA%91%E6%B5%81%E6%B0%B4,行雲流水|行云流水|Floating with the Tide
被封印的众神,https://thwiki.cc/%E8%A2%AB%E5%B0%81%E5%8D%B0%E7%9A%84%E4%BC%97%E7%A5%9E,封印されし神々|被封印的众神|Sealed Gods
被封印的妖怪　～ Lost Place,https://thwiki.cc/%E8%A2%AB%E5%B0%81%E5%8D%B0%E7%9A%84%E5%A6%96%E6%80%AA_%EF%BD%9E_Lost_Place,封じられた妖怪　～ Lost Place|被封印的妖怪　～ Lost Place|The Sealed-Away Youkai ~ Lost Place
被揭晓的深秘,https://thwiki.cc/%E8%A2%AB%E6%8F%AD%E6%99%93%E7%9A%84%E6%B7%B1%E7%A7%98,明かされる深秘|被揭晓的深秘|The Arcane Is Revealed
被水淹没的沉愁地狱,https://thwiki.cc/%E8%A2%AB%E6%B0%B4%E6%B7%B9%E6%B2%A1%E7%9A%84%E6%B2%89%E6%84%81%E5%9C%B0%E7%8B%B1,水没した沈愁地獄|被水淹没的沉愁地狱|Submerged Hell of Sunken Sorrow
被牛引到善光寺,https://thwiki.cc/%E8%A2%AB%E7%89%9B%E5%BC%95%E5%88%B0%E5%96%84%E5%85%89%E5%AF%BA,牛に引かれて善光寺参り|被牛引到善光寺|Led On by a Cow to Visit Zenkou Temple
被秘匿的四个季节,https://thwiki.cc/%E8%A2%AB%E7%A7%98%E5%8C%BF%E7%9A%84%E5%9B%9B%E4%B8%AA%E5%AD%A3%E8%8A%82,秘匿されたフォーシーズンズ|被秘匿的四个季节|The Concealed Four Seasons|被秘匿的四季
装饰战　～ Decoration Battle,https://thwiki.cc/%E8%A3%85%E9%A5%B0%E6%88%98_%EF%BD%9E_Decoration_Battle,装飾戦　～ Decoration Battle|装饰战　～ Decoration Battle|Decoration Battle
识文解意的爱书人,https://thwiki.cc/%E8%AF%86%E6%96%87%E8%A7%A3%E6%84%8F%E7%9A%84%E7%88%B1%E4%B9%A6%E4%BA%BA,判読眼のビブロフィリア|识文解意的爱书人|Bibliophile with a Deciphering Eye
请注意万年备用伞,https://thwiki.cc/%E8%AF%B7%E6%B3%A8%E6%84%8F%E4%B8%87%E5%B9%B4%E5%A4%87%E7%94%A8%E4%BC%9E,万年置き傘にご注意を|请注意万年备用伞|Beware the Umbrella Left There Forever|要注意万年备用伞|万年备用的伞注意
豪言壮语,https://thwiki.cc/%E8%B1%AA%E8%A8%80%E5%A3%AE%E8%AF%AD,壮言大語|豪言壮语|Grandiloquence
贪欲之兽的记忆,https://thwiki.cc/%E8%B4%AA%E6%AC%B2%E4%B9%8B%E5%85%BD%E7%9A%84%E8%AE%B0%E5%BF%86,強欲な獣のメメント|贪欲之兽的记忆|Memento of the Avaricious Beast
赌上性命去恶作剧,https://thwiki.cc/%E8%B5%8C%E4%B8%8A%E6%80%A7%E5%91%BD%E5%8E%BB%E6%81%B6%E4%BD%9C%E5%89%A7,いたずらに命をかけて|赌上性命去恶作剧|Staking Your Life on a Prank
走在夜晚的莲台野,https://thwiki.cc/%E8%B5%B0%E5%9C%A8%E5%A4%9C%E6%99%9A%E7%9A%84%E8%8E%B2%E5%8F%B0%E9%87%8E,夜のデンデラ野を逝く|走在夜晚的莲台野|Passing on Through the Dendera Fields in the Night
越轨者们的无碍光　～ Kingdom of Nothingness.,https://thwiki.cc/%E8%B6%8A%E8%BD%A8%E8%80%85%E4%BB%AC%E7%9A%84%E6%97%A0%E7%A2%8D%E5%85%89_%EF%BD%9E_Kingdom_of_Nothingness.,逸脱者達の無礙光　～ Kingdom of Nothingness.|越轨者们的无碍光　～ Kingdom of Nothingness.|The Deviants' Unobstructed Light ~ Kingdom of Nothingness.
轮椅上的未来宇宙,https://thwiki.cc/%E8%BD%AE%E6%A4%85%E4%B8%8A%E7%9A%84%E6%9C%AA%E6%9D%A5%E5%AE%87%E5%AE%99,車椅子の未来宇宙|轮椅上的未来宇宙|The Wheelchair's Future in Space
辉光之针的小人族　～ Little Princess,https://thwiki.cc/%E8%BE%89%E5%85%89%E4%B9%8B%E9%92%88%E7%9A%84%E5%B0%8F%E4%BA%BA%E6%97%8F_%EF%BD%9E_Little_Princess,輝く針の小人族　～ Little Princess|辉光之针的小人族　～ Little Princess|Inchlings of the Shining Needle ~ Little Princess|辉煌针之小人族　～ Little Princess|辉针小人族　～ Little Princess|辉光之针的小人族　～ 小小公主|辉针城的小人族　～ Little Princess
过去的花　～ Fairy of Flower,https://thwiki.cc/%E8%BF%87%E5%8E%BB%E7%9A%84%E8%8A%B1_%EF%BD%9E_Fairy_of_Flower,過去の花　～ Fairy of Flower|过去的花　～ Fairy of Flower|Flower of Past Days ~ Fairy of Flower
迈向生死更迭的世界,https://thwiki.cc/%E8%BF%88%E5%90%91%E7%94%9F%E6%AD%BB%E6%9B%B4%E8%BF%AD%E7%9A%84%E4%B8%96%E7%95%8C,生と死のある世界へ|迈向生死更迭的世界|To a World With Life and Death|迈向存在生与死的世界
远野之森,https://thwiki.cc/%E8%BF%9C%E9%87%8E%E4%B9%8B%E6%A3%AE,遠野の森|远野之森|Forest of Tono
远野幻想物语,https://thwiki.cc/%E8%BF%9C%E9%87%8E%E5%B9%BB%E6%83%B3%E7%89%A9%E8%AF%AD,遠野幻想物語|远野幻想物语|The Fantastic Tales from Tono
连带责人,https://thwiki.cc/%E8%BF%9E%E5%B8%A6%E8%B4%A3%E4%BA%BA,連帯責人|连带责人|The One Jointly Responsible
逆转的命运之轮,https://thwiki.cc/%E9%80%86%E8%BD%AC%E7%9A%84%E5%91%BD%E8%BF%90%E4%B9%8B%E8%BD%AE,逆転するホイールオブフォーチュン|逆转的命运之轮|Reversed Wheel of Fortune
通往真相的枝叶,https://thwiki.cc/%E9%80%9A%E5%BE%80%E7%9C%9F%E7%9B%B8%E7%9A%84%E6%9E%9D%E5%8F%B6,真相へ繋がる枝葉|通往真相的枝叶|Branches Reaching to the Truth
遍参,https://thwiki.cc/%E9%81%8D%E5%8F%82,遍参|遍参|Wanderings
遥遥38万公里的航程,https://thwiki.cc/%E9%81%A5%E9%81%A538%E4%B8%87%E5%85%AC%E9%87%8C%E7%9A%84%E8%88%AA%E7%A8%8B,"遥か３８万キロのボヤージュ|遥遥38万公里的航程|Faraway Voyage of 380,000 Kilometers"
酒鬼的雷姆利亚,https://thwiki.cc/%E9%85%92%E9%AC%BC%E7%9A%84%E9%9B%B7%E5%A7%86%E5%88%A9%E4%BA%9A,呑んべぇのレムリア|酒鬼的雷姆利亚|A Drunkard's Lemuria
野兽有智慧吗,https://thwiki.cc/%E9%87%8E%E5%85%BD%E6%9C%89%E6%99%BA%E6%85%A7%E5%90%97,獣に知性はあるか|野兽有智慧吗|Do Beasts Have Intelligence?
金字塔的神域,https://thwiki.cc/%E9%87%91%E5%AD%97%E5%A1%94%E7%9A%84%E7%A5%9E%E5%9F%9F,ピラミッドの神域|金字塔的神域|Sacred Precincts of the Pyramid
针小棒大的天守阁,https://thwiki.cc/%E9%92%88%E5%B0%8F%E6%A3%92%E5%A4%A7%E7%9A%84%E5%A4%A9%E5%AE%88%E9%98%81,針小棒大の天守閣|针小棒大的天守阁|The Exaggerated Castle Keep|小题大做的天守阁
锦上巫女,https://thwiki.cc/%E9%94%A6%E4%B8%8A%E5%B7%AB%E5%A5%B3,錦の上の巫女|锦上巫女|Shrine Maiden Atop Magnificence
门再也进不去了,https://thwiki.cc/%E9%97%A8%E5%86%8D%E4%B9%9F%E8%BF%9B%E4%B8%8D%E5%8E%BB%E4%BA%86,もうドアには入れない|门再也进不去了|No More Going Through Doors
闪耀的弱肉强食法则,https://thwiki.cc/%E9%97%AA%E8%80%80%E7%9A%84%E5%BC%B1%E8%82%89%E5%BC%BA%E9%A3%9F%E6%B3%95%E5%88%99,輝かしき弱肉強食の掟|闪耀的弱肉强食法则|The Shining Law of the Strong Eating the Weak
间奏曲,https://thwiki.cc/%E9%97%B4%E5%A5%8F%E6%9B%B2,Intermezzo|间奏曲|Intermezzo
阻绝人迹之桥,https://thwiki.cc/%E9%98%BB%E7%BB%9D%E4%BA%BA%E8%BF%B9%E4%B9%8B%E6%A1%A5,渡る者の途絶えた橋|阻绝人迹之桥|The Bridge People No Longer Cross
阿加尔塔之风,https://thwiki.cc/%E9%98%BF%E5%8A%A0%E5%B0%94%E5%A1%94%E4%B9%8B%E9%A3%8E,アガルタの風|阿加尔塔之风|Wind of Agartha
阿礼的孩子,https://thwiki.cc/%E9%98%BF%E7%A4%BC%E7%9A%84%E5%AD%A9%E5%AD%90,阿礼の子供|阿礼的孩子|Child of Are
陶瓷的杖刀人,https://thwiki.cc/%E9%99%B6%E7%93%B7%E7%9A%84%E6%9D%96%E5%88%80%E4%BA%BA,セラミックスの杖刀人|陶瓷的杖刀人|Joutoujin of Ceramics
雪月樱花之国,https://thwiki.cc/%E9%9B%AA%E6%9C%88%E6%A8%B1%E8%8A%B1%E4%B9%8B%E5%9B%BD,雪月桜花の国|雪月樱花之国|A Land Resplendent With Nature's Beauty
震撼心灵的都市传说,https://thwiki.cc/%E9%9C%87%E6%92%BC%E5%BF%83%E7%81%B5%E7%9A%84%E9%83%BD%E5%B8%82%E4%BC%A0%E8%AF%B4,心揺さぶる都市伝説|震撼心灵的都市传说|Heart-Stirring Urban Legends
青木原的传说,https://thwiki.cc/%E9%9D%92%E6%9C%A8%E5%8E%9F%E7%9A%84%E4%BC%A0%E8%AF%B4,青木ヶ原の伝説|青木原的传说|Legend of Aokigahara
青空之影,https://thwiki.cc/%E9%9D%92%E7%A9%BA%E4%B9%8B%E5%BD%B1,青空の影|青空之影|A Shadow in the Blue Sky
非常非常神奇的道具们,https://thwiki.cc/%E9%9D%9E%E5%B8%B8%E9%9D%9E%E5%B8%B8%E7%A5%9E%E5%A5%87%E7%9A%84%E9%81%93%E5%85%B7%E4%BB%AC,"不思議な不思議な道具達|非常非常神奇的道具们|Mysterious, Mysterious Tools|不可思议的神奇道具们|神奇不可思议的道具们"
非统一魔法世界论,https://thwiki.cc/%E9%9D%9E%E7%BB%9F%E4%B8%80%E9%AD%94%E6%B3%95%E4%B8%96%E7%95%8C%E8%AE%BA,非統一魔法世界論|非统一魔法世界论|Disunified Field Theory of Magic
风之神社,https://thwiki.cc/%E9%A3%8E%E4%B9%8B%E7%A5%9E%E7%A4%BE,風の神社|风之神社|Shrine of the Wind
风光明媚,https://thwiki.cc/%E9%A3%8E%E5%85%89%E6%98%8E%E5%AA%9A,風光明媚|风光明媚|Beautiful Nature Sight
风暴过后的星期日,https://thwiki.cc/%E9%A3%8E%E6%9A%B4%E8%BF%87%E5%90%8E%E7%9A%84%E6%98%9F%E6%9C%9F%E6%97%A5,嵐の後の日曜日|风暴过后的星期日|The Sunday After the Storm
风的循环　～ Wind Tour,https://thwiki.cc/%E9%A3%8E%E7%9A%84%E5%BE%AA%E7%8E%AF_%EF%BD%9E_Wind_Tour,風の循環　～ Wind Tour|风的循环　～ Wind Tour|Wind Circulation ~ Wind Tour
风神少女,https://thwiki.cc/%E9%A3%8E%E7%A5%9E%E5%B0%91%E5%A5%B3,風神少女|风神少女|Wind God Girl
飘上月球，不死之烟,https://thwiki.cc/%E9%A3%98%E4%B8%8A%E6%9C%88%E7%90%83%EF%BC%8C%E4%B8%8D%E6%AD%BB%E4%B9%8B%E7%83%9F,"月まで届け、不死の煙|飘上月球，不死之烟|Reach for the Moon, Immortal Smoke"
飞翔于宇宙的不可思议巫女,https://thwiki.cc/%E9%A3%9E%E7%BF%94%E4%BA%8E%E5%AE%87%E5%AE%99%E7%9A%84%E4%B8%8D%E5%8F%AF%E6%80%9D%E8%AE%AE%E5%B7%AB%E5%A5%B3,宇宙を飛ぶ不思議な巫女|飞翔于宇宙的不可思议巫女|The Mysterious Shrine Maiden Flying Through Space
飞翔在夜晚的鸠山,https://thwiki.cc/%E9%A3%9E%E7%BF%94%E5%9C%A8%E5%A4%9C%E6%99%9A%E7%9A%84%E9%B8%A0%E5%B1%B1,夜の鳩山を飛ぶ|飞翔在夜晚的鸠山|Fly Above Hatoyama at Night
飞舞的水飞沫,https://thwiki.cc/%E9%A3%9E%E8%88%9E%E7%9A%84%E6%B0%B4%E9%A3%9E%E6%B2%AB,踊る水飛沫|飞舞的水飞沫|Dancing Water Spray
飞舞飘散的凭依华吹雪,https://thwiki.cc/%E9%A3%9E%E8%88%9E%E9%A3%98%E6%95%A3%E7%9A%84%E5%87%AD%E4%BE%9D%E5%8D%8E%E5%90%B9%E9%9B%AA,舞い散る憑依華吹雪|飞舞飘散的凭依华吹雪|Blizzard of Scattering Possession Flowers
驹草盛开的万年积雪,https://thwiki.cc/%E9%A9%B9%E8%8D%89%E7%9B%9B%E5%BC%80%E7%9A%84%E4%B8%87%E5%B9%B4%E7%A7%AF%E9%9B%AA,駒草咲くパーペチュアルスノー|驹草盛开的万年积雪|The Perpetual Snow of Komakusa Blossoms
魂之花　～ Another Dream...,https://thwiki.cc/%E9%AD%82%E4%B9%8B%E8%8A%B1_%EF%BD%9E_Another_Dream...,魂の花　～ Another Dream...|魂之花　～ Another Dream...|Flower of Soul ~ Another Dream...
魔兽紧急升空,https://thwiki.cc/%E9%AD%94%E5%85%BD%E7%B4%A7%E6%80%A5%E5%8D%87%E7%A9%BA,魔獣スクランブル|魔兽紧急升空|Magical Beast Scramble|魔兽大乱斗
魔力的雷云,https://thwiki.cc/%E9%AD%94%E5%8A%9B%E7%9A%84%E9%9B%B7%E4%BA%91,魔力の雷雲|魔力的雷云|Thunderclouds of Magical Power|魔力雷云
魔女们的舞会　～ Magus,https://thwiki.cc/%E9%AD%94%E5%A5%B3%E4%BB%AC%E7%9A%84%E8%88%9E%E4%BC%9A_%EF%BD%9E_Magus,魔女達の舞踏会　～ Magus|魔女们的舞会　～ Magus|The Witches' Ball ~ Magus
魔所,https://thwiki.cc/%E9%AD%94%E6%89%80,魔所|魔所|Demonic Place
魔术师梅莉,https://thwiki.cc/%E9%AD%94%E6%9C%AF%E5%B8%88%E6%A2%85%E8%8E%89,魔術師メリー|魔术师梅莉|Merry the Magician
魔法使的忧郁,https://thwiki.cc/%E9%AD%94%E6%B3%95%E4%BD%BF%E7%9A%84%E5%BF%A7%E9%83%81,魔法使いの憂鬱|魔法使的忧郁|Magician's Melancholy
魔法决战！　～ Fight it out!,https://thwiki.cc/%E9%AD%94%E6%B3%95%E5%86%B3%E6%88%98%EF%BC%81_%EF%BD%9E_Fight_it_out!,魔法決戦！　～Fight it out!|魔法决战！　～ Fight it out!|Decisive Magic Battle! ~ Fight it out!
魔法少女们的百年祭,https://thwiki.cc/%E9%AD%94%E6%B3%95%E5%B0%91%E5%A5%B3%E4%BB%AC%E7%9A%84%E7%99%BE%E5%B9%B4%E7%A5%AD,魔法少女達の百年祭|魔法少女们的百年祭|The Centennial Festival for Magical Girls
魔法少女十字军,https://thwiki.cc/%E9%AD%94%E6%B3%95%E5%B0%91%E5%A5%B3%E5%8D%81%E5%AD%97%E5%86%9B,魔法少女十字軍|魔法少女十字军|Magical Girl's Crusade
魔法的笠地藏,https://thwiki.cc/%E9%AD%94%E6%B3%95%E7%9A%84%E7%AC%A0%E5%9C%B0%E8%97%8F,魔法の笠地蔵|魔法的笠地藏|The Magic Straw-Hat Jizo
魔法钟爱,https://thwiki.cc/%E9%AD%94%E6%B3%95%E9%92%9F%E7%88%B1,魔法鐘愛|魔法钟爱|Adoration of Magic
魔法阵　～ Magic Square,https://thwiki.cc/%E9%AD%94%E6%B3%95%E9%98%B5_%EF%BD%9E_Magic_Square,魔法陣　～ Magic Square|魔法阵　～ Magic Square|Magic Square
魔界地方都市秘境,https://thwiki.cc/%E9%AD%94%E7%95%8C%E5%9C%B0%E6%96%B9%E9%83%BD%E5%B8%82%E7%A7%98%E5%A2%83,魔界地方都市エソテリア|魔界地方都市秘境|Rural Makai City Esoteria|辖外魔都，秘术之城
魔镜,https://thwiki.cc/%E9%AD%94%E9%95%9C,魔鏡|魔镜|Magic Mirror
鸢尾花,https://thwiki.cc/%E9%B8%A2%E5%B0%BE%E8%8A%B1,アイリス|鸢尾花|Iris
黑市无处不在,https://thwiki.cc/%E9%BB%91%E5%B8%82%E6%97%A0%E5%A4%84%E4%B8%8D%E5%9C%A8,"闇市場は場所を選ばない|黑市无处不在|Black Markets Can Happen Anywhere, Anytime"
黑暗的力量,https://thwiki.cc/%E9%BB%91%E6%9A%97%E7%9A%84%E5%8A%9B%E9%87%8F,やみのちから|黑暗的力量|Power of Darkness
黑海中的绯红　～ Legendary Fish,https://thwiki.cc/%E9%BB%91%E6%B5%B7%E4%B8%AD%E7%9A%84%E7%BB%AF%E7%BA%A2_%EF%BD%9E_Legendary_Fish,黒い海に紅く　～ Legendary Fish|黑海中的绯红　～ Legendary Fish|Crimson in the Black Sea ~ Legendary Fish
