music_name,original_works,asset_url
53分钟的蓝色大海,卯酉东海道,https://upload.thbwiki.cc/2/21/hr04_02.mp3
A Sacred Lot,东方灵异传,https://upload.thbwiki.cc/0/0b/A_Sacret_Lot_0.mp3
A Sacred Lot,东方怪绮谈,https://upload.thbwiki.cc/3/32/ha05_01.mp3
A Sacred Lot,幺乐团的历史 vol.5,https://upload.thbwiki.cc/c/cf/th05_R_01_1.ogg
Alice Maestra,东方幻想乡,https://upload.thbwiki.cc/c/cb/th4_10.mp3
Alice Maestra,东方怪绮谈,https://upload.thbwiki.cc/0/03/TORA-00009_09.mp3
Alice Maestra,东方幻想的音乐,https://upload.thbwiki.cc/a/ab/ha01a_09.mp3
Alice Maestra,东方幻想怀古曲,https://upload.thbwiki.cc/c/c4/th04_09_26.ogg
Alice Maestra,东方紫香花,https://upload.thbwiki.cc/c/c0/th04_09_86.ogg
Alice Maestra,幺乐团的历史 vol.1,https://upload.thbwiki.cc/6/60/th05_G_09_26.ogg
AN ORDEAL FROM GOD,神魔讨绮传,https://upload.thbwiki.cc/4/46/DNAS-MJST_29.mp3
AN ORDEAL FROM GOD,东方幻想麻将,
Antique Terror,秋霜玉,https://upload.thbwiki.cc/5/54/SE01_12.mp3
Antique Terror,东方幻想的音乐,https://upload.thbwiki.cc/d/df/ssg_12.mp3
Arcadian Dream,东方幻想乡,https://upload.thbwiki.cc/d/d6/ha01b_06.mp3
Arcadian Dream,东方怪绮谈,https://upload.thbwiki.cc/2/26/th04_21_26.ogg
Arcadian Dream,幺乐团的历史 vol.1,https://upload.thbwiki.cc/f/f1/th04_21_86.ogg
Bad Apple!!,东方幻想乡,https://upload.thbwiki.cc/7/70/ha01a_07.mp3
Bad Apple!!,东方幻想乡,https://upload.thbwiki.cc/a/a7/th04tr_07_26.ogg
Bad Apple!!,东方怪绮谈,https://upload.thbwiki.cc/8/8e/th04tr_07_86.ogg
Bad Apple!!,幺乐团的历史 vol.1,https://upload.thbwiki.cc/b/bc/th04_07_26.ogg
Banditry Technology,东方虹龙洞,https://upload.thbwiki.cc/a/a8/th18_05.mp3
Banditry Technology,东方虹龙洞,
Bar·Old Adam,旧约酒馆,https://upload.thbwiki.cc/4/4c/hr10_01.mp3
Bar·Old Adam,秘封噩梦日记,https://upload.thbwiki.cc/a/a7/th16.5_05.mp3
Beast Metropolis,东方鬼形兽,https://upload.thbwiki.cc/5/55/th17_10.mp3
Beast Metropolis,灵长新益京,https://upload.thbwiki.cc/0/0f/hr13_08.mp3
Border Land,东方怪绮谈,https://upload.thbwiki.cc/7/76/ha01b_11.mp3
Border Land,幺乐团的历史 vol.1,https://upload.thbwiki.cc/1/18/th05_G_26_26.ogg
Border of Life,东方妖妖梦,https://upload.thbwiki.cc/2/27/th07_14.mp3
Break the Sabbath,东方幻想乡,https://upload.thbwiki.cc/0/09/ha01a_05.mp3
Break the Sabbath,东方怪绮谈,https://upload.thbwiki.cc/a/a0/th04_05_26.ogg
Break the Sabbath,幺乐团的历史 vol.1,https://upload.thbwiki.cc/8/88/th04_05_86.ogg
Captain Murasa,东方星莲船,https://upload.thbwiki.cc/7/75/th12_09.mp3
Captain Murasa,东方刚欲异闻,https://upload.thbwiki.cc/6/63/TFM-010a_12.mp3
Captain Murasa,贪欲之兽的音乐,
Castle Explorer -in the Sky-,稀翁玉,https://upload.thbwiki.cc/3/3c/SE02_03.mp3
Complete Darkness,东方封魔录,https://upload.thbwiki.cc/2/26/th02_11_MIDI.mp3
Complete Darkness,东方幻想乡,https://upload.thbwiki.cc/1/1c/th2_11.mp3
Complete Darkness,东方怪绮谈,https://upload.thbwiki.cc/d/db/ha03_11.mp3
Complete Darkness,东方幻想怀古曲,https://upload.thbwiki.cc/1/1f/th02_11_FM.ogg
Complete Darkness,东方幻想的音乐,https://upload.thbwiki.cc/c/c6/th04_H_11.ogg
Complete Darkness,幺乐团的历史 vol.3,https://upload.thbwiki.cc/d/da/th05_H_11.ogg
Crazy Back Dancers,东方天空璋,https://upload.thbwiki.cc/3/39/th16_11.mp3
Crazy Back Dancers,七夕坂梦幻能,https://upload.thbwiki.cc/e/ea/hr12_06.mp3
Crescent Dream,东方怪绮谈,https://upload.thbwiki.cc/1/19/ha01b_13.mp3
Crescent Dream,幺乐团的历史 vol.1,https://upload.thbwiki.cc/f/f7/th05_G_28_26.ogg
Crystallize Silver,东方妖妖梦,https://upload.thbwiki.cc/6/6a/th07_03.mp3
Crystallize Silver,东方妖妖梦,https://upload.thbwiki.cc/1/1c/th07_03_SC88Pro.mp3
Days,东方幻想乡,https://upload.thbwiki.cc/b/bb/ha01b_04.mp3
Days,东方怪绮谈,https://upload.thbwiki.cc/3/3d/th04_19_26.ogg
Days,幺乐团的历史 vol.1,https://upload.thbwiki.cc/d/d3/th04_19_86.ogg
Demystify Feast,东方萃梦想,https://upload.thbwiki.cc/a/a3/TFM-001b_14.mp3
Demystify Feast,幻想曲拔萃,https://upload.thbwiki.cc/0/04/TFM-001b_20.mp3
Demystify Feast,幻想曲拔萃,https://upload.thbwiki.cc/c/ce/hr05_05.mp3
Demystify Feast,大空魔术,
Desire Dream,东方神灵庙,https://upload.thbwiki.cc/1/12/th13_17.mp3
Desire Drive,东方神灵庙,https://upload.thbwiki.cc/4/4a/th13_08.mp3
Desire Drive,鸟船遗迹,https://upload.thbwiki.cc/0/0e/th13l_08.mp3
Dim. Dream,东方梦时空,https://upload.thbwiki.cc/5/59/ha04_05.mp3
Dim. Dream,东方怪绮谈,https://upload.thbwiki.cc/8/83/th03_05.ogg
Dim. Dream,东方幻想怀古曲,https://upload.thbwiki.cc/7/71/th05_Y_05.ogg
Dim. Dream,幺乐团的历史 vol.4,https://upload.thbwiki.cc/a/a8/thgs03_04.ogg
Disastrous Gemini,秋霜玉,https://upload.thbwiki.cc/b/b7/sh01p_04.mp3
Disastrous Gemini,秋霜玉,https://upload.thbwiki.cc/2/27/SE01_05.mp3
Disastrous Gemini,东方幻想的音乐,https://upload.thbwiki.cc/5/52/ssg_05.mp3
Dr. Latency的令人不眠之瞳,燕石博物志,https://upload.thbwiki.cc/f/fb/hr09_03.mp3
Dream Express,东方怪绮谈,https://upload.thbwiki.cc/0/01/th5_02.mp3
Dream Express,东方幻想怀古曲,https://upload.thbwiki.cc/b/b9/ha02_02.mp3
Dream Express,东方幻想的音乐,https://upload.thbwiki.cc/9/9f/th05_02_26.ogg
Dream Express,幺乐团的历史 vol.2,https://upload.thbwiki.cc/4/43/th05_02_86.ogg
Dream Land,东方幻想乡,https://upload.thbwiki.cc/b/bd/ha01a_14.mp3
Dream Land,东方怪绮谈,https://upload.thbwiki.cc/7/7e/th04_14_26.ogg
Dream Land,幺乐团的历史 vol.1,https://upload.thbwiki.cc/3/31/th04_14_86.ogg
Dreamy pilot,东方怪绮谈,https://upload.thbwiki.cc/b/b5/ha01b_09.mp3
Dreamy pilot,幺乐团的历史 vol.1,https://upload.thbwiki.cc/4/41/th05_G_24_26.ogg
Electric Heritage,东方鬼形兽,https://upload.thbwiki.cc/7/7f/th17_12.mp3
End of Daylight,东方封魔录,https://upload.thbwiki.cc/c/c8/th02_03_MIDI.mp3
End of Daylight,东方怪绮谈,https://upload.thbwiki.cc/1/1a/ha03_04.mp3
End of Daylight,东方幻想怀古曲,https://upload.thbwiki.cc/b/b8/th02_03_FM.ogg
End of Daylight,幺乐团的历史 vol.3,https://upload.thbwiki.cc/2/2f/th05_H_04.ogg
Endless,东方怪绮谈,https://upload.thbwiki.cc/a/a9/ha02_19.mp3
Endless,幺乐团的历史 vol.2,https://upload.thbwiki.cc/7/71/th05_19_26.ogg
Eternal Dream　～ 幽玄的枫树,东方永夜抄,https://upload.thbwiki.cc/0/0d/th08_20.mp3
Eternal Dream　～ 幽玄的枫树,梦违科学世纪,https://upload.thbwiki.cc/1/17/th08_20_SC88Pro.mp3
Extend Ash　～ 蓬莱人,东方永夜抄,https://upload.thbwiki.cc/2/2c/th08_17.mp3
Extra Love,东方封魔录,https://upload.thbwiki.cc/f/fd/th02_14_MIDI.mp3
Extra Love,东方怪绮谈,https://upload.thbwiki.cc/2/2a/ha03_12.mp3
Extra Love,东方幻想怀古曲,https://upload.thbwiki.cc/c/cc/th02_14_FM.ogg
Extra Love,幺乐团的历史 vol.3,https://upload.thbwiki.cc/0/0f/th05_H_12.ogg
Fall of Fall　～ 秋意渐浓之瀑,东方风神录,https://upload.thbwiki.cc/0/08/th10_08.mp3
False Strawberry,秋霜玉,https://upload.thbwiki.cc/0/05/sh01p_01.mp3
False Strawberry,秋霜玉,https://upload.thbwiki.cc/e/e1/SE01_02.mp3
False Strawberry,东方幻想的音乐,https://upload.thbwiki.cc/2/2a/ssg_02.mp3
Fantastic Drift,东方锦上京,https://upload.thbwiki.cc/d/db/th20_17.mp3
Flowering Night,东方花映塚,https://upload.thbwiki.cc/e/e6/th09_04.mp3
Flowering Night,东方绯想天,https://upload.thbwiki.cc/8/85/th09_02_SC88Pro.mp3
Flowering Night,全人类的天乐录,https://upload.thbwiki.cc/e/e6/TFM-003A_04.mp3
Four-Color Labyrinth,东方锦上京,https://upload.thbwiki.cc/4/4f/th20_08.mp3
Frontal Attack,秋霜玉,
G Free,大空魔术,https://upload.thbwiki.cc/3/3d/hr05_07.mp3
Game Over,东方梦时空,https://upload.thbwiki.cc/8/8d/ha04_20.mp3
Game Over,东方怪绮谈,https://upload.thbwiki.cc/8/89/th03_OVER.ogg
Game Over,幺乐团的历史 vol.4,https://upload.thbwiki.cc/3/3f/th05_Y_21.ogg
Ghost Lead,东方神灵庙,https://upload.thbwiki.cc/e/ee/th13_03.mp3
Ghost Lead,东方神灵庙,https://upload.thbwiki.cc/5/55/th13l_03.mp3
Heartfelt Fancy,东方地灵殿,https://upload.thbwiki.cc/4/42/th11_08.mp3
Heartfelt Fancy,伊奘诺物质,https://upload.thbwiki.cc/a/aa/hr08_03.mp3
Herselves,秋霜玉,https://upload.thbwiki.cc/4/47/SE01_19.mp3
Herselves,东方幻想的音乐,https://upload.thbwiki.cc/2/2a/ssg_19.mp3
Highly Responsive to Prayers,东方灵异传,https://upload.thbwiki.cc/a/a9/Highly_Responsive.mp3
Highly Responsive to Prayers,东方怪绮谈,https://upload.thbwiki.cc/7/7b/ha05_04.mp3
Highly Responsive to Prayers,幺乐团的历史 vol.5,https://upload.thbwiki.cc/3/30/th05_R_04_1.ogg
Incomplete Plot,东方怪绮谈,https://upload.thbwiki.cc/1/19/ha01b_10.mp3
Incomplete Plot,幺乐团的历史 vol.1,https://upload.thbwiki.cc/c/c3/th05_G_25_26.ogg
Init,东方幻想乡,https://upload.thbwiki.cc/8/88/Init_FM26.mp3
Init,东方怪绮谈,https://upload.thbwiki.cc/9/99/Init_FM86.mp3
Into Backdoor,东方天空璋,https://upload.thbwiki.cc/3/32/th16_12.mp3
Inventive City,秋霜玉,https://upload.thbwiki.cc/9/9f/zun_004.mp3
Inventive City,东方幻想的音乐,
Japanese Saga,东方求闻史纪,https://upload.thbwiki.cc/9/91/PMiSS_01.mp3
Jelly Stone,东方鬼形兽,https://upload.thbwiki.cc/f/f2/th17_03.mp3
Jelly Stone,东方鬼形兽,
Last Occultism　～ 现世的秘术师,东方深秘录,https://upload.thbwiki.cc/a/a5/TFM-007a_16.mp3
Last Occultism　～ 现世的秘术师,深秘乐曲集,https://upload.thbwiki.cc/6/64/TFM-007b_14.mp3
Last Occultism　～ 现世的秘术师,深秘乐曲集,https://upload.thbwiki.cc/e/e5/SCoOW02_03.mp3
Last Occultism　～ 现世的秘术师,东方外来韦编,https://upload.thbwiki.cc/2/26/TFM-009c_02.mp3
Last Occultism　～ 现世的秘术师,东方凭依华,
Last Occultism　～ 现世的秘术师,完全凭依唱片名录,
Last Remote,东方地灵殿,https://upload.thbwiki.cc/e/e1/th11_14.mp3
Lastword发动,东方心绮楼,https://upload.thbwiki.cc/5/51/TFM-006b_14.mp3
Lastword发动,暗黑能乐集心绮楼,
Locked Girl　～ 少女密室,东方红魔乡,https://upload.thbwiki.cc/6/66/th06_09.mp3
Locked Girl　～ 少女密室,东方萃梦想,https://upload.thbwiki.cc/b/b6/th06_09_SC88Pro.mp3
Locked Girl　～ 少女密室,幻想曲拔萃,https://upload.thbwiki.cc/9/99/TFM-001a_10.mp3
Locked Girl　～ 少女密室,幻想曲拔萃,https://upload.thbwiki.cc/2/21/TFM-001a_22.mp3
Locked Girl　～ 少女密室,卯酉东海道,https://upload.thbwiki.cc/8/8b/hr04_09.mp3
Locked Girl　～ 少女密室,东方绯想天,https://upload.thbwiki.cc/f/f1/TFM-003A_07.mp3
Locked Girl　～ 少女密室,全人类的天乐录,
Loose Rain,妖精大战争,https://upload.thbwiki.cc/c/c9/th12.8_07.mp3
Lost River,东方鬼形兽,https://upload.thbwiki.cc/a/a0/th17_04.mp3
Lost River,东方鬼形兽,
Lotus Love,东方幻想乡,https://upload.thbwiki.cc/3/37/ha01a_12.mp3
Lotus Love,东方怪绮谈,https://upload.thbwiki.cc/d/dd/th04_12_26.ogg
Lotus Love,幺乐团的历史 vol.1,https://upload.thbwiki.cc/2/24/th04_12_86.ogg
Lotus Road,东方怪绮谈,https://upload.thbwiki.cc/3/30/ha01b_08.mp3
Lotus Road,幺乐团的历史 vol.1,https://upload.thbwiki.cc/c/c6/th05_G_23_26.ogg
Lucid Dreamer,秘封噩梦日记,https://upload.thbwiki.cc/2/2f/th16.5_02.mp3
Lunar Rainbow,东方虹龙洞,https://upload.thbwiki.cc/0/03/th18_12.mp3
Lunar Rainbow,弹幕狂们的黑市,https://upload.thbwiki.cc/0/03/th18_12.mp3
Lunate Elf,东方红魔乡,https://upload.thbwiki.cc/1/17/th06_04.mp3
Lunate Elf,东方红魔乡,https://upload.thbwiki.cc/5/53/th06_04_SC88Pro.mp3
Lunatic Dreamer,秘封噩梦日记,https://upload.thbwiki.cc/8/8f/th16.5_03.mp3
Lunatic Dreamer,弹幕狂们的黑市,https://upload.thbwiki.cc/8/8f/th16.5_03.mp3
Magic of Life,东方幻想的音乐,https://upload.thbwiki.cc/f/fc/zun_002.mp3
Magic Shop of Raspberry,东方怪绮谈,https://upload.thbwiki.cc/6/6f/ha01b_12.mp3
Magic Shop of Raspberry,幺乐团的历史 vol.1,https://upload.thbwiki.cc/6/66/th05_G_27_26.ogg
Magical and Hopeless,Torte Le Magic,https://upload.thbwiki.cc/9/94/TLM_02.mp3
Magical and Hopeless,东方幻想的音乐,https://upload.thbwiki.cc/0/0a/trt_01.mp3
Magical Storm,东方辉针城,https://upload.thbwiki.cc/b/b0/th14_08.mp3
Magus Night,妖精大战争,https://upload.thbwiki.cc/3/33/th12.8_08.mp3
Magus Night,东方三月精O,https://upload.thbwiki.cc/c/cc/OSP03_01.mp3
Magus Night,东方心绮楼,https://upload.thbwiki.cc/8/8a/TFM-006a_04.mp3
Magus Night,东方心绮楼,https://upload.thbwiki.cc/2/29/TFM-006b_05.mp3
Magus Night,东方心绮楼,
Magus Night,暗黑能乐集心绮楼,
Magus Night,暗黑能乐集心绮楼,
Maniacal Princess,东方梦时空,https://upload.thbwiki.cc/7/78/ha04_07.mp3
Maniacal Princess,东方怪绮谈,https://upload.thbwiki.cc/4/4d/th03_07.ogg
Maniacal Princess,幺乐团的历史 vol.4,https://upload.thbwiki.cc/7/7c/th05_Y_07.ogg
Maple Dream...,东方梦时空,https://upload.thbwiki.cc/c/c5/ha04_19.mp3
Maple Dream...,东方幻想乡,https://upload.thbwiki.cc/2/26/th03_18.ogg
Maple Dream...,东方怪绮谈,https://upload.thbwiki.cc/d/d8/th04_Y_18.ogg
Maple Dream...,东方幻想怀古曲,https://upload.thbwiki.cc/2/21/th05_Y_18.ogg
Maple Dream...,幺乐团的历史 vol.4,https://upload.thbwiki.cc/1/17/thgs03_18.ogg
Maple Wise,东方怪绮谈,https://upload.thbwiki.cc/e/e6/th5_08.mp3
Maple Wise,东方幻想的音乐,https://upload.thbwiki.cc/2/2a/ha02_08.mp3
Maple Wise,幺乐团的历史 vol.2,https://upload.thbwiki.cc/f/f1/th05_08_26.ogg
Midnight Spell Card,弹幕天邪鬼,https://upload.thbwiki.cc/c/cb/th14.3_03.mp3
Mist Lake,东方辉针城,https://upload.thbwiki.cc/2/29/th14_02.mp3
Mist Lake,东方辉针城,https://upload.thbwiki.cc/9/94/SCoOW03_02.mp3
Mist Lake,东方外来韦编,
Mushroom·Waltz,东方凭依华,https://upload.thbwiki.cc/7/71/TFM-009a_04.mp3
Mushroom·Waltz,东方凭依华,
Mushroom·Waltz,东方凭依华,
Mushroom·Waltz,完全凭依唱片名录,
"My Maid, Sweet Maid",稀翁玉,https://upload.thbwiki.cc/7/77/SE02_07.mp3
Mysterious Shrine,8BIT MUSIC POWER FINAL,https://upload.thbwiki.cc/9/92/8MPF_12.mp3
Mysterious Shrine,8BIT MUSIC POWER FINAL - RIKI collection -,
Mysterious Shrine,キラキラスターナイト 8BIT MUSIC POWER - RIKI collection -,
Mystic Dream,东方怪绮谈,https://upload.thbwiki.cc/0/00/ha02_21.mp3
Mystic Dream,幺乐团的历史 vol.2,https://upload.thbwiki.cc/9/96/th05_21_26.ogg
Native Faith,东方风神录,https://upload.thbwiki.cc/e/ec/th10_15.mp3
Necro-Fantasia,东方妖妖梦,https://upload.thbwiki.cc/0/04/th07_18.mp3
Necro-Fantasia,大空魔术,https://upload.thbwiki.cc/a/a6/th07_18_SC88Pro.mp3
Newshound,东方文花帖DS,https://upload.thbwiki.cc/6/67/th12.5_01.mp3
Nightmare Diary,秘封噩梦日记,https://upload.thbwiki.cc/4/49/th16.5_04.mp3
Oriental Dark Flight,东方花映塚,https://upload.thbwiki.cc/3/31/th09_03.mp3
Oriental Dark Flight,东方花映塚,https://upload.thbwiki.cc/3/3c/th09_00b_SC88Pro.mp3
Oriental Magician,东方灵异传,https://upload.thbwiki.cc/6/6b/Oriental_Magician.mp3
Oriental Magician,东方怪绮谈,https://upload.thbwiki.cc/5/50/ha05_07.mp3
Oriental Magician,幺乐团的历史 vol.5,https://upload.thbwiki.cc/8/81/th05_R_07_1.ogg
Outsider Cocktail,旧约酒馆,https://upload.thbwiki.cc/5/57/hr10_04.mp3
Pandemonic Planet,东方绀珠传,https://upload.thbwiki.cc/c/c1/th15_17.mp3
Pandemonic Planet,旧约酒馆,https://upload.thbwiki.cc/c/cd/hr10_06.mp3
Peaceful,东方幻想乡,https://upload.thbwiki.cc/e/e6/ha01b_05.mp3
Peaceful,东方怪绮谈,https://upload.thbwiki.cc/7/7d/th04_20_26.ogg
Peaceful,幺乐团的历史 vol.1,https://upload.thbwiki.cc/8/84/th04_20_86.ogg
Peaceful Romancer,东方怪绮谈,https://upload.thbwiki.cc/6/6b/th5_21.mp3
Peaceful Romancer,东方幻想的音乐,https://upload.thbwiki.cc/a/a3/ha02_23.mp3
Peaceful Romancer,幺乐团的历史 vol.2,https://upload.thbwiki.cc/3/34/th05_22_26.ogg
Phantasmagoria,东方怪绮谈,https://upload.thbwiki.cc/8/84/ha04_24.mp3
Phantasmagoria,幺乐团的历史 vol.4,https://upload.thbwiki.cc/a/a0/th05_Y_24.ogg
Plain Asia,东方永夜抄,https://upload.thbwiki.cc/e/e4/th08_07.mp3
Plain Asia,东方永夜抄,https://upload.thbwiki.cc/5/55/th08_07_SC88Pro.mp3
Plastic Mind,东方怪绮谈,https://upload.thbwiki.cc/1/16/ha02_07.mp3
Plastic Mind,幺乐团的历史 vol.2,https://upload.thbwiki.cc/a/ac/th05_07_26.ogg
Plastic Space,秋霜玉,https://upload.thbwiki.cc/9/9f/zun_003.mp3
Plastic Space,东方幻想的音乐,
Player's Score,东方风神录,https://upload.thbwiki.cc/5/59/th10_18.mp3
Player's Score,东方风神录,https://upload.thbwiki.cc/e/e5/th11_18.mp3
Player's Score,东方地灵殿,https://upload.thbwiki.cc/5/52/th12_18.mp3
Player's Score,东方地灵殿,https://upload.thbwiki.cc/b/b8/th12.8_10.mp3
Player's Score,东方星莲船,https://upload.thbwiki.cc/a/a6/th13_18.mp3
Player's Score,东方星莲船,https://upload.thbwiki.cc/b/bc/th14_18.mp3
Player's Score,妖精大战争,https://upload.thbwiki.cc/1/1e/th14.3_10.mp3
Player's Score,东方神灵庙,https://upload.thbwiki.cc/e/e3/th15_18.mp3
Player's Score,东方神灵庙,https://upload.thbwiki.cc/5/52/th16_18.mp3
Player's Score,东方辉针城,https://upload.thbwiki.cc/a/ab/th17_18.mp3
Player's Score,东方辉针城,https://upload.thbwiki.cc/b/bf/th18_18.mp3
Player's Score,弹幕天邪鬼,https://upload.thbwiki.cc/4/45/th20_19.mp3
Player's Score,东方绀珠传,
Player's Score,东方绀珠传,
Player's Score,东方天空璋,
Player's Score,东方天空璋,
Player's Score,东方鬼形兽,
Player's Score,东方鬼形兽,
Player's Score,东方虹龙洞,
Player's Score,东方虹龙洞,
Player's Score,东方锦上京,
Player's Score,东方锦上京,
Primrose Shiver,秋霜玉,https://upload.thbwiki.cc/a/a3/sh01p_02.mp3
Primrose Shiver,秋霜玉,https://upload.thbwiki.cc/b/ba/SE01_03.mp3
Primrose Shiver,东方幻想的音乐,https://upload.thbwiki.cc/5/50/ssg_03.mp3
Pure Furies　～ 心之所在,东方绀珠传,https://upload.thbwiki.cc/5/57/th15_13.mp3
Pure Furies　～ 心之所在,燕石博物志,https://upload.thbwiki.cc/d/d1/hr09_10.mp3
Reincarnation,东方梦时空,https://upload.thbwiki.cc/1/15/th3_05.mp3
Reincarnation,东方怪绮谈,https://upload.thbwiki.cc/c/ce/hr01_10.mp3
Reincarnation,东方幻想的音乐,https://upload.thbwiki.cc/4/43/ha04_04.mp3
Reincarnation,蓬莱人形,https://upload.thbwiki.cc/a/ab/th03_04.ogg
Reincarnation,幺乐团的历史 vol.4,https://upload.thbwiki.cc/b/bb/th05_Y_04.ogg
Reverse Ideology,东方辉针城,https://upload.thbwiki.cc/4/49/th14_11.mp3
Reverse Ideology,弹幕天邪鬼,https://upload.thbwiki.cc/5/51/th14.3_07.mp3
Reverse Ideology,旧约酒馆,https://upload.thbwiki.cc/1/1b/hr10_03.mp3
Rigid Paradise,东方神灵庙,https://upload.thbwiki.cc/8/82/th13_07.mp3
Rigid Paradise,东方神灵庙,https://upload.thbwiki.cc/6/6e/th13l_07.mp3
Romantic Children,东方怪绮谈,https://upload.thbwiki.cc/7/7a/th5_06.mp3
Romantic Children,东方幻想的音乐,https://upload.thbwiki.cc/d/d4/ha02_06.mp3
Romantic Children,东方幻想怀古曲,https://upload.thbwiki.cc/5/53/th05_06_26.ogg
Romantic Children,幺乐团的历史 vol.2,https://upload.thbwiki.cc/e/e3/th05_06_86.ogg
Sacred Battle,Torte Le Magic,https://upload.thbwiki.cc/4/4b/TLM_03.mp3
Sacred Battle,东方幻想的音乐,https://upload.thbwiki.cc/2/2f/trt_02.mp3
Sacred Forest,东方锦上京,https://upload.thbwiki.cc/c/c6/th20_04.mp3
Sacred Forest,东方锦上京,
Sailor of Time,东方梦时空,https://upload.thbwiki.cc/6/60/ha04_13.mp3
Sailor of Time,东方怪绮谈,https://upload.thbwiki.cc/e/ea/th03_11.ogg
Sailor of Time,东方幻想怀古曲,https://upload.thbwiki.cc/d/d8/th05_Y_11.ogg
Sailor of Time,幺乐团的历史 vol.4,https://upload.thbwiki.cc/a/a4/thgs03_11.ogg
Selection,东方梦时空,https://upload.thbwiki.cc/9/99/ha04_02.mp3
Selection,东方怪绮谈,https://upload.thbwiki.cc/5/5e/th03_02.ogg
Selection,幺乐团的历史 vol.4,https://upload.thbwiki.cc/8/81/th05_Y_02.ogg
Selene's light,东方幻想乡,https://upload.thbwiki.cc/d/df/ha01a_03.mp3
Selene's light,东方怪绮谈,https://upload.thbwiki.cc/8/89/th04_03_26.ogg
Selene's light,幺乐团的历史 vol.1,https://upload.thbwiki.cc/2/29/th04_03_86.ogg
Seraphic Chicken,东方鬼形兽,https://upload.thbwiki.cc/2/2a/th17_07.mp3
Seraphic Chicken,东方鬼形兽,https://upload.thbwiki.cc/8/86/TFM-010b_02.mp3
Seraphic Chicken,东方刚欲异闻,
Seraphic Chicken,贪欲之兽的音乐,
She's in a temper!!,东方封魔录,https://upload.thbwiki.cc/d/d8/th02_07_MIDI.mp3
She's in a temper!!,东方怪绮谈,https://upload.thbwiki.cc/3/3c/ha03_03.mp3
She's in a temper!!,幺乐团的历史 vol.3,https://upload.thbwiki.cc/a/a0/th02_07_FM.ogg
Silk Road Alice,秋霜玉,https://upload.thbwiki.cc/d/d9/SE01_16.mp3
Silk Road Alice,东方幻想的音乐,https://upload.thbwiki.cc/d/db/ssg_16.mp3
Sky Ruin,东方星莲船,https://upload.thbwiki.cc/d/df/th12_06.mp3
Sky Ruin,东方星莲船,
Sleep Sheep·Parade,东方凭依华,https://upload.thbwiki.cc/5/5e/TFM-009b_09.mp3
Sleep Sheep·Parade,完全凭依唱片名录,
Smoking Dragon,东方虹龙洞,https://upload.thbwiki.cc/4/4b/th18_07.mp3
Smoking Dragon,东方虹龙洞,https://upload.thbwiki.cc/c/c7/hr12_04.mp3
Smoking Dragon,七夕坂梦幻能,
Star Voyage2008,东方三月精S,https://upload.thbwiki.cc/c/c6/SaBND01_03.mp3
Starbow Dream,东方怪绮谈,https://upload.thbwiki.cc/f/f3/ha04_23.mp3
Starbow Dream,幺乐团的历史 vol.4,https://upload.thbwiki.cc/d/d6/th05_Y_23.ogg
Strawberry Crisis!!,东方梦时空,https://upload.thbwiki.cc/b/b7/TORA-00009_07.mp3
Strawberry Crisis!!,东方幻想乡,https://upload.thbwiki.cc/6/66/ha04_15.mp3
Strawberry Crisis!!,东方怪绮谈,https://upload.thbwiki.cc/6/60/th03_12.ogg
Strawberry Crisis!!,东方幻想怀古曲,https://upload.thbwiki.cc/4/4f/th04_Y_12.ogg
Strawberry Crisis!!,东方紫香花,https://upload.thbwiki.cc/6/65/th05_Y_12.ogg
Strawberry Crisis!!,幺乐团的历史 vol.4,https://upload.thbwiki.cc/e/ec/thgs03_12.ogg
Sunny Rutile Flection,东方三月精E,https://upload.thbwiki.cc/4/44/EaLND_01.mp3
Sunny Rutile Flection,东方三月精S,https://upload.thbwiki.cc/3/3d/SaBND02_02.mp3
Tabula rasa　～ 空白少女,东方梦时空,https://upload.thbwiki.cc/3/3b/th3_06.mp3
Tabula rasa　～ 空白少女,东方怪绮谈,https://upload.thbwiki.cc/e/e3/ha04_06.mp3
Tabula rasa　～ 空白少女,东方幻想的音乐,https://upload.thbwiki.cc/1/13/th03_06.ogg
Tabula rasa　～ 空白少女,东方幻想怀古曲,https://upload.thbwiki.cc/0/0e/th05_Y_06.ogg
Tabula rasa　～ 空白少女,幺乐团的历史 vol.4,https://upload.thbwiki.cc/2/2a/thgs03_06.ogg
the Grimoire of Alice,东方怪绮谈,https://upload.thbwiki.cc/f/f0/kaiki-eb.mp3
the Grimoire of Alice,上海爱丽丝幻乐团公式站,https://upload.thbwiki.cc/8/8d/ha02_17.mp3
the Grimoire of Alice,东方幻想怀古曲,https://upload.thbwiki.cc/f/f9/TFM-004_12.mp3
the Grimoire of Alice,幺乐团的历史 vol.2,https://upload.thbwiki.cc/d/d0/th05_17_26.ogg
the Grimoire of Alice,东方非想天则,https://upload.thbwiki.cc/7/74/th05_17_86.ogg
the Grimoire of Alice,核热造神非想天则,https://upload.thbwiki.cc/a/a0/thgs05_17.ogg
the Last Judgement,东方怪绮谈,https://upload.thbwiki.cc/4/40/th5_12.mp3
the Last Judgement,东方幻想的音乐,https://upload.thbwiki.cc/f/f1/ha02_12.mp3
the Last Judgement,东方幻想怀古曲,https://upload.thbwiki.cc/d/d9/th05_12_26.ogg
the Last Judgement,幺乐团的历史 vol.2,https://upload.thbwiki.cc/4/4d/th05_12_86.ogg
The Legend of KAGE,东方灵异传,https://upload.thbwiki.cc/b/bd/The_Legend_of_KAGE.mp3
The Legend of KAGE,东方怪绮谈,https://upload.thbwiki.cc/9/91/th1_10.mp3
The Legend of KAGE,东方幻想的音乐,https://upload.thbwiki.cc/f/fb/ha05_10.mp3
The Legend of KAGE,东方幻想怀古曲,https://upload.thbwiki.cc/d/d7/th05_R_10_1.ogg
The Legend of KAGE,幺乐团的历史 vol.5,https://upload.thbwiki.cc/e/e0/th05_R_10_2.ogg
The Positive and Negative,东方灵异传,https://upload.thbwiki.cc/a/ac/%E9%99%B0%E9%99%BD_~_The_Positive_and_Negative.mp3
The Positive and Negative,东方怪绮谈,https://upload.thbwiki.cc/1/16/ha05_03.mp3
The Positive and Negative,幺乐团的历史 vol.5,https://upload.thbwiki.cc/2/21/th05_R_03_1.ogg
Theme of Eastern Story,幺乐团的历史 vol.5,https://upload.thbwiki.cc/6/62/ha05_15.mp3
Tiny Shangri-La,东方兽王园,https://upload.thbwiki.cc/1/1d/th19_05.mp3
Titled Maid,秋霜玉,https://upload.thbwiki.cc/7/79/SE01_20.mp3
Tortoise Dragon　～ 幸运与不幸,东方鬼形兽,https://upload.thbwiki.cc/8/89/th17_09.mp3
Tortoise Dragon　～ 幸运与不幸,东方兽王园,https://upload.thbwiki.cc/c/ca/th19_18.mp3
U.N.OWEN就是她吗？,东方红魔乡,https://upload.thbwiki.cc/a/a4/th06_15.mp3
U.N.OWEN就是她吗？,蓬莱人形,https://upload.thbwiki.cc/b/b7/th06_15_SC88Pro.mp3
U.N.OWEN就是她吗？,东方刚欲异闻,https://upload.thbwiki.cc/5/5a/hr01_11.mp3
U.N.OWEN就是她吗？,贪欲之兽的音乐,https://upload.thbwiki.cc/e/e1/TFM-010b_05.mp3
U.N.OWEN就是她吗？,东方弹幕神乐：失落幻想 数字原声集,https://upload.thbwiki.cc/0/04/U.N._Owen_Was_Hero%3F.mp3
Ultimate Truth,东方妖妖梦,https://upload.thbwiki.cc/0/05/th07_12.mp3
Unlocated Hell,东方鬼形兽,https://upload.thbwiki.cc/9/92/th17_08.mp3
Unlocated Hell,灵长新益京,https://upload.thbwiki.cc/2/28/hr13_04.mp3
Voyage1969,东方永夜抄,https://upload.thbwiki.cc/2/2d/th08_13.mp3
Voyage1969,梦违科学世纪,https://upload.thbwiki.cc/9/91/th08_13_SC88Pro.mp3
Voyage1970,东方永夜抄,https://upload.thbwiki.cc/c/c6/th08_16.mp3
Witch of Love Potion,Torte Le Magic,https://upload.thbwiki.cc/7/70/TLM_01.mp3
Witch of Love Potion,东方幻想的音乐,https://upload.thbwiki.cc/a/aa/trt_00.mp3
Witch of Love Potion,蓬莱人形,https://upload.thbwiki.cc/f/f2/hr01_09.mp3
Witching Dream,东方幻想乡,https://upload.thbwiki.cc/2/2f/th4_02.mp3
Witching Dream,东方怪绮谈,https://upload.thbwiki.cc/4/44/ha01a_02.mp3
Witching Dream,东方幻想的音乐,https://upload.thbwiki.cc/1/13/th04_02_26.ogg
Witching Dream,东方幻想怀古曲,https://upload.thbwiki.cc/a/af/th04_02_86.ogg
Witching Dream,幺乐团的历史 vol.1,https://upload.thbwiki.cc/2/23/th05_G_02_26.ogg
七玉搜集大摊牌,东方深秘录,https://upload.thbwiki.cc/4/4b/TFM-007a_06.mp3
七玉搜集大摊牌,东方深秘录,
七玉搜集大摊牌,深秘乐曲集,
七石之狼、登天吞云,虹色的北斗七星,https://upload.thbwiki.cc/b/b1/hr11_01.mp3
上海红茶馆　～ Chinese Tea,东方红魔乡,https://upload.thbwiki.cc/a/a9/th06_06.mp3
上海红茶馆　～ Chinese Tea,东方红魔乡,https://upload.thbwiki.cc/4/4d/th06_06_SC88Pro.mp3
上海红茶馆　～ Chinese Tea,梦违科学世纪,https://upload.thbwiki.cc/f/f9/hr03_03.mp3
上海红茶馆　～ Chinese Tea,东方非想天则,https://upload.thbwiki.cc/b/be/TFM-004_05.mp3
上海红茶馆　～ Chinese Tea,核热造神非想天则,
不变的日常,东方锦上京,https://upload.thbwiki.cc/e/e2/th20_15.mp3
不可不禁止的游戏,东方幻想乡,https://upload.thbwiki.cc/3/31/th4_16.mp3
不可不禁止的游戏,东方怪绮谈,https://upload.thbwiki.cc/7/76/ha01b_01.mp3
不可不禁止的游戏,东方幻想的音乐,https://upload.thbwiki.cc/8/85/th04_16_26.ogg
不可不禁止的游戏,东方幻想怀古曲,https://upload.thbwiki.cc/8/8b/th04_16_86.ogg
不可不禁止的游戏,幺乐团的历史 vol.1,https://upload.thbwiki.cc/d/d9/th05_G_16_26.ogg
不可思议之国的爱丽丝,东方怪绮谈,https://upload.thbwiki.cc/9/96/th5_16.mp3
不可思议之国的爱丽丝,东方幻想的音乐,https://upload.thbwiki.cc/4/47/ha02_16.mp3
不可思议之国的爱丽丝,东方幻想怀古曲,https://upload.thbwiki.cc/4/45/th05_16_26.ogg
不可思议之国的爱丽丝,幺乐团的历史 vol.2,https://upload.thbwiki.cc/6/66/th05_16_86.ogg
不可思议的驱魔棒,东方辉针城,https://upload.thbwiki.cc/5/58/th14_01.mp3
不可思议的驱魔棒,东方辉针城,
不回首的黄泉路,东方兽王园,https://upload.thbwiki.cc/7/71/th19_08.mp3
不朽的曼珠沙华,东方鬼形兽,https://upload.thbwiki.cc/c/c2/th17_06.mp3
不朽的曼珠沙华,东方鬼形兽,https://upload.thbwiki.cc/a/ad/TFM-010b_01.mp3
不朽的曼珠沙华,东方刚欲异闻,
不朽的曼珠沙华,贪欲之兽的音乐,
不灭的赤魂,东方凭依华,https://upload.thbwiki.cc/5/53/TFM-009b_02.mp3
不灭的赤魂,东方凭依华,
不灭的赤魂,东方凭依华,
不灭的赤魂,完全凭依唱片名录,
不等式的廷克·贝尔,七夕坂梦幻能,https://upload.thbwiki.cc/f/f6/hr12_02.mp3
不自然的自然,东方天空璋,https://upload.thbwiki.cc/5/50/th16_16.mp3
丑时三刻的村落,东方心绮楼,https://upload.thbwiki.cc/e/ed/TFM-006a_15.mp3
丑时三刻的村落,暗黑能乐集心绮楼,
世界的尽头　～ World's End,东方怪绮谈,https://upload.thbwiki.cc/9/98/ha02_14.mp3
世界的尽头　～ World's End,幺乐团的历史 vol.2,https://upload.thbwiki.cc/0/09/th05_14_26.ogg
世间万物皆可爱,东方兽王园,https://upload.thbwiki.cc/1/11/th19_02.mp3
世间万物皆可爱,东方兽王园,
业火地幔,东方地灵殿,https://upload.thbwiki.cc/9/91/th11_12.mp3
业火地幔,东方刚欲异闻,https://upload.thbwiki.cc/b/b7/TFM-010a_13.mp3
业火地幔,贪欲之兽的音乐,
东之国的不眠夜,东方文花帖,https://upload.thbwiki.cc/a/a2/th09.5_04.mp3
东之国的不眠夜,大空魔术,https://upload.thbwiki.cc/4/44/hr05_03.mp3
东方刚欲异闻,东方刚欲异闻,https://upload.thbwiki.cc/6/60/TFM-010b_10.mp3
东方刚欲异闻,贪欲之兽的音乐,
东方妖妖梦　～ Ancient Temple,东方妖妖梦,https://upload.thbwiki.cc/7/72/th07_10.mp3
东方妖妖梦　～ Ancient Temple,莲台野夜行,https://upload.thbwiki.cc/5/54/th07_10_SC88Pro.mp3
东方妖妖梦　～ Ancient Temple,东方萃梦想,https://upload.thbwiki.cc/0/07/hr02_03.mp3
东方妖妖梦　～ Ancient Temple,幻想曲拔萃,https://upload.thbwiki.cc/c/cb/TFM-001b_12.mp3
东方妖妖梦　～ Ancient Temple,东方紫香花,https://upload.thbwiki.cc/d/dd/TORA-00009_10.mp3
东方妖妖梦　～ Ancient Temple,东方花映塚,https://upload.thbwiki.cc/9/95/th09_05.mp3
东方妖怪小町,东方永夜抄,https://upload.thbwiki.cc/f/fd/th08_21.mp3
东方妖恋谈,东方梦时空,https://upload.thbwiki.cc/4/4f/TFM-001a_02.mp3
东方妖恋谈,东方幻想乡,https://upload.thbwiki.cc/d/d3/TFM-001a_18.mp3
东方妖恋谈,东方怪绮谈,https://upload.thbwiki.cc/0/01/ha04_03.mp3
东方妖恋谈,东方幻想怀古曲,https://upload.thbwiki.cc/4/40/TFM-003A_02.mp3
东方妖恋谈,东方萃梦想,https://upload.thbwiki.cc/6/6b/th123_st99.mp3
东方妖恋谈,幻想曲拔萃,https://upload.thbwiki.cc/b/bd/th03_03.ogg
东方妖恋谈,幻想曲拔萃,https://upload.thbwiki.cc/b/b4/th04_Y_03.ogg
东方妖恋谈,幺乐团的历史 vol.4,https://upload.thbwiki.cc/1/1d/th05_Y_03.ogg
东方妖恋谈,东方绯想天,https://upload.thbwiki.cc/6/69/thgs03_03.ogg
东方妖恋谈,全人类的天乐录,
东方妖恋谈,东方非想天则,
东方封魔录　～净土曼荼罗,东方封魔录,https://upload.thbwiki.cc/d/de/th02_01_MIDI.mp3
东方封魔录　～净土曼荼罗,东方怪绮谈,https://upload.thbwiki.cc/3/39/ha03_01.mp3
东方封魔录　～净土曼荼罗,幺乐团的历史 vol.3,https://upload.thbwiki.cc/0/0b/th02_01_FM.ogg
东方封魔录　～幽幻乱舞,东方封魔录,https://upload.thbwiki.cc/6/6c/th02_06_MIDI.mp3
东方封魔录　～幽幻乱舞,东方怪绮谈,https://upload.thbwiki.cc/0/07/TORA-00009_05.mp3
东方封魔录　～幽幻乱舞,东方紫香花,https://upload.thbwiki.cc/b/be/ha03_10.mp3
东方封魔录　～幽幻乱舞,幺乐团的历史 vol.3,https://upload.thbwiki.cc/e/e7/th02_06_FM.ogg
东方怪奇谈,东方灵异传,https://upload.thbwiki.cc/4/48/%E6%9D%B1%E6%96%B9%E6%80%AA%E5%A5%87%E8%AB%87.mp3
东方怪奇谈,东方怪绮谈,https://upload.thbwiki.cc/8/8a/th1_04.mp3
东方怪奇谈,东方幻想怀古曲,https://upload.thbwiki.cc/b/bc/hr01_05.mp3
东方怪奇谈,东方幻想的音乐,https://upload.thbwiki.cc/7/72/ha05_05.mp3
东方怪奇谈,蓬莱人形,https://upload.thbwiki.cc/4/4e/th05_R_05_1.ogg
东方怪奇谈,幺乐团的历史 vol.5,https://upload.thbwiki.cc/f/fb/th05_R_05_2.ogg
东方的蓝色天空,东方梦时空,https://upload.thbwiki.cc/5/5a/ha04_17.mp3
东方的蓝色天空,东方怪绮谈,https://upload.thbwiki.cc/2/20/th03_16.ogg
东方的蓝色天空,幺乐团的历史 vol.4,https://upload.thbwiki.cc/8/8f/th05_Y_16.ogg
东方绯想天,东方绯想天,https://upload.thbwiki.cc/2/29/TFM-003O_18.mp3
东方绯想天,全人类的天乐录,https://upload.thbwiki.cc/2/27/TFM-003A_17.mp3
东方绯想天,全人类的天乐录,
东方萃梦想,东方萃梦想,https://upload.thbwiki.cc/0/03/TFM-001b_19.mp3
东方萃梦想,幻想曲拔萃,https://upload.thbwiki.cc/5/55/TFM-001b_23.mp3
东方萃梦想,幻想曲拔萃,
东风,东方萃梦想,https://upload.thbwiki.cc/3/38/TFM-001a_05.mp3
东风,幻想曲拔萃,
两方世界,东方三月精S,https://upload.thbwiki.cc/b/b1/SaBND03_02.mp3
久远之梦,东方梦时空,https://upload.thbwiki.cc/1/16/ha04_16.mp3
久远之梦,东方怪绮谈,https://upload.thbwiki.cc/7/77/th03_15.ogg
久远之梦,幺乐团的历史 vol.4,https://upload.thbwiki.cc/f/ff/th05_Y_15.ogg
九月的南瓜,东方绀珠传,https://upload.thbwiki.cc/b/b7/th15_05.mp3
九月的南瓜,东方绀珠传,https://upload.thbwiki.cc/6/6c/hr09_04.mp3
九月的南瓜,燕石博物志,
争奇斗艳的凭依华,东方凭依华,https://upload.thbwiki.cc/a/a8/TFM-009b_15.mp3
争奇斗艳的凭依华,完全凭依唱片名录,
事已至此就赌上性命来猜谜吧,东方锦上京,https://upload.thbwiki.cc/0/02/th20_07.mp3
事已至此就赌上性命来猜谜吧,东方锦上京,
二人不值一提的博物志,燕石博物志,https://upload.thbwiki.cc/7/73/hr09_01.mp3
二色莲花蝶　～ Ancients,秋霜玉,https://upload.thbwiki.cc/3/31/SE01_18.mp3
二色莲花蝶　～ Ancients,东方幻想的音乐,https://upload.thbwiki.cc/a/ad/ssg_18.mp3
二色莲花蝶　～ Ancients,蓬莱人形,https://upload.thbwiki.cc/0/0b/hr01_02.mp3
二色莲花蝶　～ Ancients,东方非想天则,https://upload.thbwiki.cc/6/68/TFM-004_10.mp3
二色莲花蝶　～ Ancients,核热造神非想天则,https://upload.thbwiki.cc/c/c9/TFM-007b_01.mp3
二色莲花蝶　～ Ancients,东方深秘录,
二色莲花蝶　～ Ancients,深秘乐曲集,
二色莲花蝶　～ Ancients,东方凭依华,
云外苍天,东方绯想天,https://upload.thbwiki.cc/8/8a/TFM-003O_12.mp3
云外苍天,东方绯想天,
亡失的情感,东方心绮楼,https://upload.thbwiki.cc/1/11/TFM-006a_16.mp3
亡失的情感,东方心绮楼,https://upload.thbwiki.cc/7/72/TFM-006b_13.mp3
亡失的情感,暗黑能乐集心绮楼,https://upload.thbwiki.cc/e/ed/TFM-006b_16.mp3
亡失的情感,暗黑能乐集心绮楼,https://upload.thbwiki.cc/c/ce/TFM-007b_10.mp3
亡失的情感,暗黑能乐集心绮楼,https://upload.thbwiki.cc/a/a8/hr10_09.mp3
亡失的情感,东方深秘录,
亡失的情感,深秘乐曲集,
亡失的情感,旧约酒馆,
亡失的情感,东方凭依华,
人偶存在的风景,东方非想天则,https://upload.thbwiki.cc/5/54/TFM-004_16.mp3
人偶存在的风景,核热造神非想天则,
人偶森林,蓬莱人形,https://upload.thbwiki.cc/0/08/hr01_08.mp3
人偶裁判　～ 玩弄人形的少女,东方妖妖梦,https://upload.thbwiki.cc/a/a1/th07_07.mp3
人偶裁判　～ 玩弄人形的少女,东方妖妖梦,https://upload.thbwiki.cc/2/20/th07_07_SC88Pro.mp3
人偶裁判　～ 玩弄人形的少女,梦违科学世纪,https://upload.thbwiki.cc/c/c0/hr03_08.mp3
人偶裁判　～ 玩弄人形的少女,东方萃梦想,https://upload.thbwiki.cc/3/3d/TFM-001b_08.mp3
人偶裁判　～ 玩弄人形的少女,幻想曲拔萃,
今宵是飘逸的利己主义者　～ Egoistic Flowers.,东方凭依华,https://upload.thbwiki.cc/6/69/TFM-009b_14.mp3
今宵是飘逸的利己主义者　～ Egoistic Flowers.,完全凭依唱片名录,https://upload.thbwiki.cc/4/46/TFM-009c_09.mp3
今宵是飘逸的利己主义者　～ Egoistic Flowers.,完全凭依唱片名录,https://upload.thbwiki.cc/f/fa/TFM-010b_03.mp3
今宵是飘逸的利己主义者　～ Egoistic Flowers.,东方刚欲异闻,
今宵是飘逸的利己主义者　～ Egoistic Flowers.,贪欲之兽的音乐,
今昔幻想乡　～ Flower Land,东方花映塚,https://upload.thbwiki.cc/d/d8/th09_13.mp3
从地下的归还,东方鬼形兽,https://upload.thbwiki.cc/f/fd/th17_17.mp3
从神社所见之月,东方绀珠传,https://upload.thbwiki.cc/8/85/th15_14.mp3
令人心跳的司空见惯幻想乡,弹幕狂们的黑市,https://upload.thbwiki.cc/3/30/th18.5_02.mp3
令人怀念的东方之血　～ Old World,东方永夜抄,https://upload.thbwiki.cc/6/61/th08_06.mp3
令人怀念的东方之血　～ Old World,东方永夜抄,https://upload.thbwiki.cc/f/f2/th08_06_SC88Pro.mp3
以死相赌,东方封魔录,https://upload.thbwiki.cc/d/dd/th02_09_MIDI.mp3
以死相赌,东方怪绮谈,https://upload.thbwiki.cc/9/95/ha03_07.mp3
以死相赌,东方幻想怀古曲,https://upload.thbwiki.cc/e/e2/th02_09_FM.ogg
以死相赌,幺乐团的历史 vol.3,https://upload.thbwiki.cc/3/3b/th05_H_07.ogg
以犯规对不可能的弹幕,弹幕天邪鬼,https://upload.thbwiki.cc/8/8c/th14.3_02.mp3
以鱼驱蝇,东方绯想天,https://upload.thbwiki.cc/a/ab/TFM-003O_08.mp3
以鱼驱蝇,全人类的天乐录,
以鱼驱蝇,东方非想天则,
仰空,东方萃梦想,https://upload.thbwiki.cc/7/78/TFM-001b_13.mp3
仰空,幻想曲拔萃,
仲夏的妖精梦,东方天空璋,https://upload.thbwiki.cc/0/00/th16_03.mp3
仲夏的妖精梦,东方天空璋,
价值不明,东方深秘录,https://upload.thbwiki.cc/b/b0/TFM-007a_09.mp3
价值不明,深秘乐曲集,
伊奘诺物质,伊奘诺物质,https://upload.thbwiki.cc/a/a2/hr08_06.mp3
伏瓦鲁魔法图书馆,东方红魔乡,https://upload.thbwiki.cc/8/87/th06_08.mp3
伏瓦鲁魔法图书馆,东方萃梦想,https://upload.thbwiki.cc/3/3a/th06_08_SC88Pro.mp3
伏瓦鲁魔法图书馆,幻想曲拔萃,https://upload.thbwiki.cc/7/79/TFM-001b_10.mp3
伏瓦鲁魔法图书馆,东方紫香花,https://upload.thbwiki.cc/f/f7/TORA-00009_02.mp3
伏瓦鲁魔法图书馆,东方非想天则,https://upload.thbwiki.cc/e/e5/TFM-004_13.mp3
伏瓦鲁魔法图书馆,核热造神非想天则,
众神眷恋的幻想乡,东方风神录,https://upload.thbwiki.cc/1/1e/th10_06.mp3
众神眷恋的幻想乡,东方风神录,
会受稻田姬的斥责啦,东方风神录,https://upload.thbwiki.cc/d/d2/th10_03.mp3
会受稻田姬的斥责啦,东方风神录,
传说中的仙境,东方封魔录,https://upload.thbwiki.cc/c/c2/th02_13_MIDI.mp3
传说中的仙境,东方怪绮谈,https://upload.thbwiki.cc/f/f8/ha03_15.mp3
传说中的仙境,东方幻想怀古曲,https://upload.thbwiki.cc/7/74/th02_13_FM.ogg
传说中的仙境,幺乐团的历史 vol.3,https://upload.thbwiki.cc/f/f6/th05_H_15.ogg
传说的巨神,东方非想天则,https://upload.thbwiki.cc/5/5c/TFM-004_14.mp3
传说的巨神,核热造神非想天则,
佐渡的二岩,东方神灵庙,https://upload.thbwiki.cc/c/cc/th13_15.mp3
佐渡的二岩,东方心绮楼,https://upload.thbwiki.cc/8/85/th13l_15.mp3
佐渡的二岩,东方心绮楼,https://upload.thbwiki.cc/d/d4/TFM-006a_12.mp3
佐渡的二岩,暗黑能乐集心绮楼,https://upload.thbwiki.cc/a/a6/TFM-006b_12.mp3
佐渡的二岩,暗黑能乐集心绮楼,https://upload.thbwiki.cc/0/0d/th19_17.mp3
佐渡的二岩,东方兽王园,
你所在之城的怪事,东方文花帖DS,https://upload.thbwiki.cc/4/41/th12.5_02.mp3
你见到了那个影子吗,东方非想天则,https://upload.thbwiki.cc/7/74/TFM-004_01.mp3
你见到了那个影子吗,核热造神非想天则,
俄耳甫斯的诗　～ Pseudoclassic,稀翁玉,https://upload.thbwiki.cc/6/66/SE02_04.mp3
信仰是为了虚幻之人,东方风神录,https://upload.thbwiki.cc/2/24/th10_11.mp3
信仰是为了虚幻之人,东方非想天则,https://upload.thbwiki.cc/2/24/TFM-004_03.mp3
信仰是为了虚幻之人,核热造神非想天则,
光辉的天球仪,东方凭依华,https://upload.thbwiki.cc/e/e9/TFM-009a_11.mp3
光辉的天球仪,完全凭依唱片名录,
克服万千之试炼,东方凭依华,https://upload.thbwiki.cc/1/13/TFM-009b_12.mp3
克服万千之试炼,完全凭依唱片名录,
兔已着陆,东方绀珠传,https://upload.thbwiki.cc/6/61/th15_04.mp3
兔已着陆,东方绀珠传,https://upload.thbwiki.cc/5/57/FS01_03.mp3
兔已着陆,东方铃奈庵,
全有机体的记忆　～ Memory of Fossil Energy.,东方刚欲异闻,https://upload.thbwiki.cc/f/f9/TFM-010b_08.mp3
全有机体的记忆　～ Memory of Fossil Energy.,贪欲之兽的音乐,
公正的争夺,东方深秘录,https://upload.thbwiki.cc/3/39/TFM-007a_08.mp3
公正的争夺,深秘乐曲集,
兽之智慧,东方兽王园,https://upload.thbwiki.cc/a/ae/th19_01.mp3
兽之智慧,东方兽王园,
兽王们的小憩,东方兽王园,https://upload.thbwiki.cc/8/89/th19_21.mp3
内心,东方萃梦想,https://upload.thbwiki.cc/9/92/TFM-001a_11.mp3
内心,幻想曲拔萃,
冷吟闲醉,东方绯想天,https://upload.thbwiki.cc/6/6b/TFM-003O_09.mp3
冷吟闲醉,全人类的天乐录,
冷吟闲醉,东方非想天则,
冻结的永远之都,东方绀珠传,https://upload.thbwiki.cc/e/ed/th15_08.mp3
冻结的永远之都,燕石博物志,https://upload.thbwiki.cc/4/42/hr09_02.mp3
凋叶棕（withered leaf）,东方妖妖梦,https://upload.thbwiki.cc/0/04/th07_05.mp3
凋叶棕（withered leaf）,东方妖妖梦,https://upload.thbwiki.cc/0/05/th07_05_SC88Pro.mp3
凭依华,完全凭依唱片名录,https://upload.thbwiki.cc/d/dc/TFM-009c_01.mp3
凭坐挟于梦境与现实之间　～ Necro-Fantasia,东方凭依华,https://upload.thbwiki.cc/8/8f/TFM-009a_17.mp3
凭坐挟于梦境与现实之间　～ Necro-Fantasia,完全凭依唱片名录,https://upload.thbwiki.cc/d/d4/TFM-009c_08.mp3
凭坐挟于梦境与现实之间　～ Necro-Fantasia,完全凭依唱片名录,https://upload.thbwiki.cc/1/1a/hr12_07.mp3
凭坐挟于梦境与现实之间　～ Necro-Fantasia,七夕坂梦幻能,
凭投依合,东方凭依华,https://upload.thbwiki.cc/b/bb/TFM-009a_02.mp3
凭投依合,完全凭依唱片名录,
出演者选择,东方心绮楼,https://upload.thbwiki.cc/8/87/TFM-006b_02.mp3
出演者选择,暗黑能乐集心绮楼,
到达有顶天,东方凭依华,https://upload.thbwiki.cc/6/61/TFM-009b_11.mp3
到达有顶天,完全凭依唱片名录,
前所未见的噩梦世界,东方绀珠传,https://upload.thbwiki.cc/d/d3/th15_16.mp3
剧毒身体　～ Forsaken Doll,东方花映塚,https://upload.thbwiki.cc/9/92/th09_12.mp3
勇敢又慵懒的妖兽,东方兽王园,https://upload.thbwiki.cc/f/f7/th19_06.mp3
千年幻想乡　～ History of the Moon,东方永夜抄,https://upload.thbwiki.cc/e/e3/th08_14.mp3
千年幻想乡　～ History of the Moon,东方紫香花,https://upload.thbwiki.cc/a/ab/th08_14_SC88Pro.mp3
千年幻想乡　～ History of the Moon,卯酉东海道,https://upload.thbwiki.cc/8/85/TORA-00009_04.mp3
午夜的妖精舞会,妖精大战争,https://upload.thbwiki.cc/e/e2/th12.8_05.mp3
午夜的妖精舞会,东方三月精O,https://upload.thbwiki.cc/3/3e/OSP02_02.mp3
华之幻想 红梦之宙,秋霜玉,https://upload.thbwiki.cc/5/5c/sh01p_05.mp3
华之幻想 红梦之宙,秋霜玉,https://upload.thbwiki.cc/c/c4/SE01_06.mp3
华之幻想 红梦之宙,东方幻想的音乐,https://upload.thbwiki.cc/1/13/ssg_06.mp3
华狭间的战场,东方深秘录,https://upload.thbwiki.cc/6/61/TFM-007a_14.mp3
华狭间的战场,深秘乐曲集,https://upload.thbwiki.cc/2/2d/TFM-007b_13.mp3
华狭间的战场,深秘乐曲集,https://upload.thbwiki.cc/b/bf/TFM-009c_06.mp3
华狭间的战场,东方凭依华,
华狭间的战场,完全凭依唱片名录,
华胥之梦,梦违科学世纪,https://upload.thbwiki.cc/7/7d/hr03_02.mp3
博丽　～Eastern Wind,东方封魔录,https://upload.thbwiki.cc/a/a2/th02_02_MIDI.mp3
博丽　～Eastern Wind,东方幻想乡,https://upload.thbwiki.cc/4/41/th2_02.mp3
博丽　～Eastern Wind,东方怪绮谈,https://upload.thbwiki.cc/c/ca/ha03_02.mp3
博丽　～Eastern Wind,东方幻想的音乐,https://upload.thbwiki.cc/2/27/th02_02_FM.ogg
博丽　～Eastern Wind,东方幻想怀古曲,https://upload.thbwiki.cc/f/fc/th04_H_02.ogg
博丽　～Eastern Wind,幺乐团的历史 vol.3,https://upload.thbwiki.cc/e/e3/th05_H_02.ogg
博丽神社境内,东方怪绮谈,https://upload.thbwiki.cc/c/ca/ha03_16.mp3
博丽神社境内,幺乐团的历史 vol.3,https://upload.thbwiki.cc/f/fd/th05_H_16.ogg
卡纳维拉尔角的梦幻少女,秋霜玉,https://upload.thbwiki.cc/0/0c/SE01_10.mp3
卡纳维拉尔角的梦幻少女,东方幻想的音乐,https://upload.thbwiki.cc/c/c1/ssg_10.mp3
卢舍那佛遗址,灵长新益京,https://upload.thbwiki.cc/3/33/hr13_09.mp3
卫星露天咖啡座,大空魔术,https://upload.thbwiki.cc/a/a6/hr05_06.mp3
卫星鸟船,鸟船遗迹,https://upload.thbwiki.cc/5/5f/hr07_01.mp3
即便为世间所遗忘,东方锦上京,https://upload.thbwiki.cc/7/7d/th20_03.mp3
即便为世间所遗忘,东方锦上京,
厄神降临之路　～ Dark Road,东方风神录,https://upload.thbwiki.cc/3/33/th10_04.mp3
厄神降临之路　～ Dark Road,东方风神录,
原初的节拍　～ Pristine Beat,东方辉针城,https://upload.thbwiki.cc/a/a3/th14_15.mp3
双壳贝上的幻觉,东方锦上京,https://upload.thbwiki.cc/4/45/th20_18.mp3
古老的元神,东方神灵庙,https://upload.thbwiki.cc/d/dc/th13_09.mp3
古老的元神,东方三月精O,https://upload.thbwiki.cc/f/fe/th13l_09.mp3
古老的冥界寺,莲台野夜行,https://upload.thbwiki.cc/5/52/hr02_04.mp3
另一侧的月,大空魔术,https://upload.thbwiki.cc/a/a9/hr05_10.mp3
只有地藏知晓的哀叹,东方鬼形兽,https://upload.thbwiki.cc/8/8f/th17_02.mp3
只有地藏知晓的哀叹,东方鬼形兽,https://upload.thbwiki.cc/7/79/hr12_09.mp3
只有地藏知晓的哀叹,七夕坂梦幻能,
可悲的人偶　～ Doll of Misery,东方怪绮谈,https://upload.thbwiki.cc/b/b4/ha02_13.mp3
可悲的人偶　～ Doll of Misery,东方幻想怀古曲,https://upload.thbwiki.cc/3/3f/th05_13_26.ogg
可悲的人偶　～ Doll of Misery,幺乐团的历史 vol.2,https://upload.thbwiki.cc/6/6b/th05_13_86.ogg
可爱的大战争叠奏曲,东方三月精S,https://upload.thbwiki.cc/c/cb/SaBND02_01.mp3
可爱的大战争叠奏曲,妖精大战争,https://upload.thbwiki.cc/9/90/th12.8_02.mp3
可爱的恶魔　～ Innocence,东方幻想乡,https://upload.thbwiki.cc/4/47/ha01b_03.mp3
可爱的恶魔　～ Innocence,东方怪绮谈,https://upload.thbwiki.cc/5/55/th04_18_26.ogg
可爱的恶魔　～ Innocence,东方幻想怀古曲,https://upload.thbwiki.cc/1/1d/th04_18_86.ogg
可爱的恶魔　～ Innocence,幺乐团的历史 vol.1,https://upload.thbwiki.cc/3/3d/th05_G_18_26.ogg
各自的结局,东方深秘录,https://upload.thbwiki.cc/b/b5/TFM-007a_17.mp3
各自的结局,深秘乐曲集,
合缘奇缘,东方凭依华,https://upload.thbwiki.cc/f/f4/TFM-009a_09.mp3
合缘奇缘,完全凭依唱片名录,
同归于尽,东方灵异传,https://upload.thbwiki.cc/7/7a/%E6%AD%BB%E3%81%AA%E3%81%B0%E3%82%82%E3%82%8D%E3%81%A8%E3%82%82_~_Civilization_of_Magic.mp3
同归于尽,东方怪绮谈,https://upload.thbwiki.cc/4/4c/ha05_12.mp3
同归于尽,东方幻想怀古曲,https://upload.thbwiki.cc/f/fc/th05_R_12_1.ogg
同归于尽,幺乐团的历史 vol.5,https://upload.thbwiki.cc/7/7c/th05_R_12_2.ogg
后院的妖怪参拜道,东方神灵庙,https://upload.thbwiki.cc/6/60/th13_14.mp3
后院的妖怪参拜道,伊奘诺物质,https://upload.thbwiki.cc/1/1f/th13l_14.mp3
含苞待放的凭依华,东方凭依华,https://upload.thbwiki.cc/5/54/TFM-009a_19.mp3
含苞待放的凭依华,完全凭依唱片名录,
吸血怪兽卓柏卡布拉,东方兽王园,https://upload.thbwiki.cc/b/ba/th19_07.mp3
命运的阴暗面,东方风神录,https://upload.thbwiki.cc/b/b6/th10_05.mp3
命运的阴暗面,东方风神录,
哈德曼的妖怪少女,东方地灵殿,https://upload.thbwiki.cc/7/70/th11_15.mp3
哈德曼的妖怪少女,鸟船遗迹,https://upload.thbwiki.cc/9/99/hr07_07.mp3
哈德曼的妖怪少女,东方心绮楼,https://upload.thbwiki.cc/9/9b/TFM-006a_10.mp3
哈德曼的妖怪少女,东方心绮楼,https://upload.thbwiki.cc/c/c3/TFM-006b_11.mp3
哈德曼的妖怪少女,暗黑能乐集心绮楼,https://upload.thbwiki.cc/1/1a/TFM-007b_08.mp3
哈德曼的妖怪少女,暗黑能乐集心绮楼,
哈德曼的妖怪少女,东方深秘录,
哈德曼的妖怪少女,深秘乐曲集,
哈德曼的妖怪少女,东方凭依华,
嘲讽的游戏,东方绯想天,https://upload.thbwiki.cc/5/59/TFM-003O_10.mp3
嘲讽的游戏,全人类的天乐录,
噩梦日记,秘封噩梦日记,https://upload.thbwiki.cc/3/3d/th16.5_01.mp3
回忆京都,东方文花帖,https://upload.thbwiki.cc/f/fb/th09.5_05.mp3
回忆京都,卯酉东海道,https://upload.thbwiki.cc/f/f5/hr04_08.mp3
因夜失眠,东方三月精E,https://upload.thbwiki.cc/f/f9/EaLND_02.mp3
因夜失眠,东方三月精S,https://upload.thbwiki.cc/7/75/SaBND02_03.mp3
圣德传说　～ True Administrator,东方神灵庙,https://upload.thbwiki.cc/6/66/th13_13.mp3
圣德传说　～ True Administrator,东方心绮楼,https://upload.thbwiki.cc/e/e6/TFM-006a_08.mp3
圣德传说　～ True Administrator,东方心绮楼,https://upload.thbwiki.cc/a/a3/TFM-006b_09.mp3
圣德传说　～ True Administrator,暗黑能乐集心绮楼,https://upload.thbwiki.cc/c/c7/TFM-007b_06.mp3
圣德传说　～ True Administrator,暗黑能乐集心绮楼,
圣德传说　～ True Administrator,东方深秘录,
圣德传说　～ True Administrator,深秘乐曲集,
圣德传说　～ True Administrator,东方凭依华,
圣德太子的天马　～ Dark Pegasus,东方鬼形兽,https://upload.thbwiki.cc/9/90/th17_15.mp3
圣德太子的天马　～ Dark Pegasus,东方兽王园,https://upload.thbwiki.cc/e/e3/th19_19.mp3
圣辇船飞向天空,东方凭依华,https://upload.thbwiki.cc/c/c6/TFM-009a_06.mp3
圣辇船飞向天空,东方凭依华,
圣辇船飞向天空,完全凭依唱片名录,
在深绿的狸森里,东方凭依华,https://upload.thbwiki.cc/0/04/TFM-009a_15.mp3
在深绿的狸森里,完全凭依唱片名录,
在美妙的墓地里住下吧,东方神灵庙,https://upload.thbwiki.cc/3/3c/th13_06.mp3
在美妙的墓地里住下吧,东方神灵庙,https://upload.thbwiki.cc/b/b3/th13l_06.mp3
在美妙的墓地里住下吧,伊奘诺物质,https://upload.thbwiki.cc/c/c0/hr08_10.mp3
地之色乃黄色,东方绯想天,https://upload.thbwiki.cc/4/4d/TFM-003O_03.mp3
地之色乃黄色,全人类的天乐录,https://upload.thbwiki.cc/d/de/TFM-009a_03.mp3
地之色乃黄色,东方凭依华,
地之色乃黄色,完全凭依唱片名录,
地底绽放的蔷薇,东方凭依华,https://upload.thbwiki.cc/0/05/TFM-009a_14.mp3
地底绽放的蔷薇,完全凭依唱片名录,
地灵们的归家,东方地灵殿,https://upload.thbwiki.cc/0/01/th11_16.mp3
地灵们的起床,东方地灵殿,https://upload.thbwiki.cc/5/5a/th11_01.mp3
地灵们的起床,东方地灵殿,
复仇女神的要塞,东方文花帖DS,https://upload.thbwiki.cc/1/1b/th12.5_04.mp3
夏明,东方萃梦想,https://upload.thbwiki.cc/1/14/TFM-001a_15.mp3
夏明,幻想曲拔萃,
夕阳下落,东方怪绮谈,https://upload.thbwiki.cc/2/2a/ha03_17.mp3
夕阳下落,幺乐团的历史 vol.3,https://upload.thbwiki.cc/0/0a/th05_H_17.ogg
外界民俗,东方深秘录,https://upload.thbwiki.cc/5/57/TFM-007a_15.mp3
外界民俗,深秘乐曲集,https://upload.thbwiki.cc/b/b9/TFM-008_05.mp3
外界民俗,东方深秘录,https://upload.thbwiki.cc/1/13/TFM-009b_08.mp3
外界民俗,东方深秘录,
外界民俗,深秘乐曲集·补,
外界民俗,东方凭依华,
外界民俗,完全凭依唱片名录,
夜幕降临　～ Evening Star,东方萃梦想,https://upload.thbwiki.cc/f/f3/hr03_07.mp3
夜幕降临　～ Evening Star,梦违科学世纪,https://upload.thbwiki.cc/2/29/TFM-001b_16.mp3
夜幕降临　～ Evening Star,幻想曲拔萃,https://upload.thbwiki.cc/a/ab/TFM-001b_21.mp3
夜幕降临　～ Evening Star,幻想曲拔萃,https://upload.thbwiki.cc/5/5a/TFM-003A_10.mp3
夜幕降临　～ Evening Star,东方绯想天,https://upload.thbwiki.cc/f/f1/TFM-009c_07.mp3
夜幕降临　～ Evening Star,全人类的天乐录,
夜幕降临　～ Evening Star,东方凭依华,
夜幕降临　～ Evening Star,完全凭依唱片名录,
夜空中的UFO恋曲,东方星莲船,https://upload.thbwiki.cc/5/58/th12_14.mp3
夜空中的UFO恋曲,鸟船遗迹,https://upload.thbwiki.cc/c/c1/hr07_06.mp3
夜雀的歌声　～ Night Bird,东方永夜抄,https://upload.thbwiki.cc/6/62/th08_04.mp3
夜雀的歌声　～ Night Bird,东方永夜抄,https://upload.thbwiki.cc/d/d6/th08_04_SC88Pro.mp3
大吉猫咪,东方虹龙洞,https://upload.thbwiki.cc/b/ba/th18_03.mp3
大吉猫咪,东方虹龙洞,https://upload.thbwiki.cc/7/74/hr13_07.mp3
大吉猫咪,灵长新益京,
大地之底，刚欲之海,东方刚欲异闻,https://upload.thbwiki.cc/e/e6/TFM-010b_06.mp3
大地之底，刚欲之海,贪欲之兽的音乐,
大江山的花之酒宴,东方地灵殿,https://upload.thbwiki.cc/8/8e/th11_07.mp3
大江山的花之酒宴,东方地灵殿,https://upload.thbwiki.cc/5/5e/TFM-010a_09.mp3
大江山的花之酒宴,东方刚欲异闻,
大江山的花之酒宴,东方刚欲异闻,
大江山的花之酒宴,东方刚欲异闻,
大江山的花之酒宴,贪欲之兽的音乐,
大神神话传,东方神灵庙,https://upload.thbwiki.cc/c/cc/th13_11.mp3
大神神话传,东方心绮楼,https://upload.thbwiki.cc/3/38/th13l_11.mp3
大神神话传,东方心绮楼,https://upload.thbwiki.cc/4/41/TFM-006a_07.mp3
大神神话传,暗黑能乐集心绮楼,https://upload.thbwiki.cc/0/04/TFM-006b_08.mp3
大神神话传,暗黑能乐集心绮楼,https://upload.thbwiki.cc/0/00/TFM-007b_05.mp3
大神神话传,东方深秘录,https://upload.thbwiki.cc/5/5b/hr10_05.mp3
大神神话传,深秘乐曲集,
大神神话传,旧约酒馆,
大神神话传,东方凭依华,
大空魔术　～ Magical Astronomy,大空魔术,https://upload.thbwiki.cc/8/88/hr05_08.mp3
天使传说,东方灵异传,https://upload.thbwiki.cc/d/d9/%E5%A4%A9%E4%BD%BF%E4%BC%9D%E8%AA%AC.mp3
天使传说,东方怪绮谈,https://upload.thbwiki.cc/f/f4/ha05_06.mp3
天使传说,幺乐团的历史 vol.5,https://upload.thbwiki.cc/9/91/th05_R_06_1.ogg
天狗正凝视着　～ Black Eyes,东方文花帖,https://upload.thbwiki.cc/f/fb/th09.5_03.mp3
天狗的笔记　～ Mysterious Note,东方文花帖,https://upload.thbwiki.cc/e/ed/th09.5_01.mp3
天理人欲,东方刚欲异闻,https://upload.thbwiki.cc/5/54/TFM-010b_09.mp3
天理人欲,贪欲之兽的音乐,
天空军团,秋霜玉,https://upload.thbwiki.cc/a/a0/sh01p_06.mp3
天空军团,秋霜玉,https://upload.thbwiki.cc/d/d2/SE01_07.mp3
天空军团,东方幻想的音乐,https://upload.thbwiki.cc/4/42/ssg_07.mp3
天空的格林尼治,大空魔术,https://upload.thbwiki.cc/a/ae/hr05_02.mp3
天空的花都,东方妖妖梦,https://upload.thbwiki.cc/1/19/th07_08.mp3
天空的花都,东方紫香花,https://upload.thbwiki.cc/0/01/th07_08_SC88Pro.mp3
天衣无缝,东方绯想天,https://upload.thbwiki.cc/6/61/TFM-003O_14.mp3
天衣无缝,东方绯想天,https://upload.thbwiki.cc/a/a1/TFM-009b_10.mp3
天衣无缝,东方凭依华,
天衣无缝,完全凭依唱片名录,
天魔之山漫天星,东方虹龙洞,https://upload.thbwiki.cc/5/55/th18_11.mp3
天鸟船神社,鸟船遗迹,https://upload.thbwiki.cc/4/47/hr07_05.mp3
天鸟船神社的结界,鸟船遗迹,https://upload.thbwiki.cc/5/59/hr07_08.mp3
天鹅绒少女战　～ Velvet Battle,稀翁玉,https://upload.thbwiki.cc/c/c5/SE02_02.mp3
天鹅绒少女战　～ Velvet Battle,稀翁玉,https://upload.thbwiki.cc/c/cf/sh02_02.mp3
奈良异界公园,灵长新益京,https://upload.thbwiki.cc/f/fb/hr13_02.mp3
奥尔良的圣骑士,稀翁玉,https://upload.thbwiki.cc/1/1c/SE02_06.mp3
女仆与血之怀表,东方红魔乡,https://upload.thbwiki.cc/0/06/th06_10.mp3
女仆与血之怀表,东方萃梦想,https://upload.thbwiki.cc/2/2c/th06_10_SC88Pro.mp3
女仆与血之怀表,幻想曲拔萃,https://upload.thbwiki.cc/e/e3/TFM-001a_06.mp3
女仆与血之怀表,幻想曲拔萃,https://upload.thbwiki.cc/a/a8/TFM-001a_20.mp3
女仆幻想　～ Icemilk Magic,东方幻想乡,https://upload.thbwiki.cc/6/6d/ha01b_02.mp3
女仆幻想　～ Icemilk Magic,东方怪绮谈,https://upload.thbwiki.cc/b/b7/th04_17_26.ogg
女仆幻想　～ Icemilk Magic,幺乐团的历史 vol.1,https://upload.thbwiki.cc/c/ce/th04_17_86.ogg
如鬼灯般的红色之魂,东方红魔乡,https://upload.thbwiki.cc/4/46/th06_02.mp3
如鬼灯般的红色之魂,东方红魔乡,https://upload.thbwiki.cc/4/48/th06_02_SC88Pro.mp3
妖妖梦　～ Snow or Cherry Petal,东方妖妖梦,https://upload.thbwiki.cc/9/98/th07_01.mp3
妖妖梦　～ Snow or Cherry Petal,东方妖妖梦,https://upload.thbwiki.cc/4/42/th07_01_SC88Pro.mp3
妖妖梦　～ Snow or Cherry Petal,东方紫香花,https://upload.thbwiki.cc/4/43/TORA-00009_08.mp3
妖妖跋扈,东方妖妖梦,https://upload.thbwiki.cc/f/ff/th07_15.mp3
妖妖跋扈,东方兽王园,https://upload.thbwiki.cc/6/69/th07_15_SC88Pro.mp3
妖妖跋扈　～ Who done it!,东方妖妖梦,https://upload.thbwiki.cc/a/a6/th07_17.mp3
妖妖跋扈　～ Who done it!,东方妖妖梦,https://upload.thbwiki.cc/0/0c/th07_17_SC88Pro.mp3
妖妖跋扈　～ Who done it!,Cradle - 东方幻乐祀典,https://upload.thbwiki.cc/c/c7/sound_sepher_-_%E5%A6%96%E3%80%85%E8%B7%8B%E6%89%88_~_Speed_Fox%21.mp3
妖异们的骤雨,东方虹龙洞,https://upload.thbwiki.cc/d/d5/th18_02.mp3
妖异们的骤雨,东方虹龙洞,
妖怪上钩,弹幕狂们的黑市,https://upload.thbwiki.cc/4/43/th18.5_03.mp3
妖怪之山　～ Mysterious Mountain,东方风神录,https://upload.thbwiki.cc/e/e4/th10_09.mp3
妖怪之山　～ Mysterious Mountain,东方文花帖DS,https://upload.thbwiki.cc/2/2b/th12.5_06.mp3
妖怪之山　～ Mysterious Mountain,弹幕天邪鬼,https://upload.thbwiki.cc/0/0d/th14.3_09.mp3
妖怪宇宙旅行,东方儚月抄（漫画）,https://upload.thbwiki.cc/5/5a/SSiB_01.mp3
妖怪寺,东方星莲船,https://upload.thbwiki.cc/c/c2/th12_16.mp3
妖怪山间无色风,东方天空璋,https://upload.thbwiki.cc/1/10/th16_04.mp3
妖怪山间无色风,东方天空璋,
妖精冒险谭,东方三月精S,https://upload.thbwiki.cc/e/e1/SaBND03_01.mp3
妖精冒险谭,鸟船遗迹,https://upload.thbwiki.cc/2/29/hr07_04.mp3
妖精大战争　～ Fairy Wars,妖精大战争,https://upload.thbwiki.cc/4/4a/th12.8_06.mp3
妖精大战争　～ Fairy Wars,东方三月精O,https://upload.thbwiki.cc/b/bb/OSP02_03.mp3
妖精灿烂的样子,东方三月精E,https://upload.thbwiki.cc/a/af/EaLND_03.mp3
妖精灿烂的样子,东方三月精S,https://upload.thbwiki.cc/4/4a/SaBND02_04.mp3
妖魔夜行,东方红魔乡,https://upload.thbwiki.cc/3/34/th06_03.mp3
妖魔夜行,东方红魔乡,https://upload.thbwiki.cc/2/25/th06_03_SC88Pro.mp3
孤独的狼人,东方辉针城,https://upload.thbwiki.cc/0/0b/th14_07.mp3
孤独的狼人,东方辉针城,
宇佐大人的白旗,东方花映塚,https://upload.thbwiki.cc/9/99/th09_10.mp3
宇佐大人的白旗,卯酉东海道,https://upload.thbwiki.cc/d/d8/hr04_06.mp3
宇宙巫女归还,东方绀珠传,https://upload.thbwiki.cc/d/df/th15_15.mp3
宇宙巫女现身,东方绀珠传,https://upload.thbwiki.cc/b/b5/th15_01.mp3
宇宙巫女现身,东方绀珠传,
守旧老爹与前卫少女,东方星莲船,https://upload.thbwiki.cc/b/b6/th12_07.mp3
守旧老爹与前卫少女,东方星莲船,https://upload.thbwiki.cc/1/12/TFM-006a_05.mp3
守旧老爹与前卫少女,东方心绮楼,https://upload.thbwiki.cc/7/7d/TFM-006b_06.mp3
守旧老爹与前卫少女,东方心绮楼,https://upload.thbwiki.cc/1/16/TFM-007b_03.mp3
守旧老爹与前卫少女,东方心绮楼,
守旧老爹与前卫少女,暗黑能乐集心绮楼,
守旧老爹与前卫少女,暗黑能乐集心绮楼,
守旧老爹与前卫少女,东方深秘录,
守旧老爹与前卫少女,深秘乐曲集,
守旧老爹与前卫少女,东方凭依华,
官板黄昏新闻,东方心绮楼,https://upload.thbwiki.cc/f/f4/TFM-006a_18.mp3
官板黄昏新闻,暗黑能乐集心绮楼,https://upload.thbwiki.cc/e/e4/TFM-006b_15.mp3
官板黄昏新闻,暗黑能乐集心绮楼,
宵暗的魔术师,东方幻想的音乐,https://upload.thbwiki.cc/6/62/zun_001.mp3
容貌错乱　～ Horrible Night,东方深秘录,https://upload.thbwiki.cc/3/3e/TFM-008_07.mp3
容貌错乱　～ Horrible Night,深秘乐曲集·补,
宿醉者的同床异梦,旧约酒馆,https://upload.thbwiki.cc/7/75/hr10_10.mp3
寄世界于偶像　～ Idoratrize World,东方鬼形兽,https://upload.thbwiki.cc/9/94/th17_13.mp3
寄世界于偶像　～ Idoratrize World,灵长新益京,https://upload.thbwiki.cc/5/5b/hr13_10.mp3
对跖点之钟,东方深秘录,https://upload.thbwiki.cc/5/59/TFM-007a_10.mp3
对跖点之钟,深秘乐曲集,https://upload.thbwiki.cc/d/d8/TFM-008_03.mp3
对跖点之钟,东方深秘录,
对跖点之钟,深秘乐曲集·补,
对跖点之钟,东方凭依华,
寺门前的妖怪小姑娘,东方神灵庙,https://upload.thbwiki.cc/2/29/th13_05.mp3
寺门前的妖怪小姑娘,东方神灵庙,https://upload.thbwiki.cc/b/ba/th13l_05.mp3
封闭的云中通路,东方星莲船,https://upload.thbwiki.cc/a/aa/th12_04.mp3
封闭的云中通路,东方星莲船,
封魔终演,东方怪绮谈,https://upload.thbwiki.cc/c/c5/ha03_18.mp3
封魔终演,幺乐团的历史 vol.3,https://upload.thbwiki.cc/6/68/th05_H_18.ogg
小小欲望的星空,东方神灵庙,https://upload.thbwiki.cc/2/2f/th13_12.mp3
小小的贤将,东方星莲船,https://upload.thbwiki.cc/f/f7/th12_03.mp3
小小的贤将,东方星莲船,
小槌的魔力,东方辉针城,https://upload.thbwiki.cc/8/83/th14_16.mp3
少女幻葬　～ Necro-Fantasy,东方妖妖梦,https://upload.thbwiki.cc/9/96/th07_16.mp3
少女幻葬　～ Necro-Fantasy,莲台野夜行,https://upload.thbwiki.cc/b/b9/th07_16_SC88Pro.mp3
少女战士　～ Heart of Valkyrie,稀翁玉,https://upload.thbwiki.cc/4/42/SE02_09.mp3
少女战士　～ Heart of Valkyrie,东方紫香花,https://upload.thbwiki.cc/a/a4/sh02_09.mp3
少女曾见的日本原风景,东方风神录,https://upload.thbwiki.cc/0/0f/th10_10.mp3
少女曾见的日本原风景,东方兽王园,https://upload.thbwiki.cc/5/56/th19_10.mp3
少女神性　～ Pandora's Box,秋霜玉,https://upload.thbwiki.cc/e/ee/SE01_15.mp3
少女神性　～ Pandora's Box,东方幻想的音乐,https://upload.thbwiki.cc/2/26/ssg_15.mp3
少女秘封俱乐部,莲台野夜行,https://upload.thbwiki.cc/d/dd/hr02_02.mp3
少女绮想曲　～ Capriccio,东方幻想乡,https://upload.thbwiki.cc/7/77/th4_09.mp3
少女绮想曲　～ Capriccio,东方怪绮谈,https://upload.thbwiki.cc/a/ab/th08_09.mp3
少女绮想曲　～ Capriccio,东方幻想的音乐,https://upload.thbwiki.cc/9/9b/th08_09_SC88Pro.mp3
少女绮想曲　～ Capriccio,东方幻想怀古曲,https://upload.thbwiki.cc/3/3a/TFM-001b_02.mp3
少女绮想曲　～ Capriccio,东方永夜抄,https://upload.thbwiki.cc/2/2e/ha01a_10.mp3
少女绮想曲　～ Capriccio,东方萃梦想,https://upload.thbwiki.cc/b/b2/TFM-010a_04.mp3
少女绮想曲　～ Capriccio,幻想曲拔萃,https://upload.thbwiki.cc/e/e8/th04_10_26.ogg
少女绮想曲　～ Capriccio,幺乐团的历史 vol.1,https://upload.thbwiki.cc/d/d7/th04_10_86.ogg
少女绮想曲　～ Capriccio,东方刚欲异闻,https://upload.thbwiki.cc/a/a4/th05_G_10_26.ogg
少女绮想曲　～ Capriccio,东方刚欲异闻,https://upload.thbwiki.cc/9/97/th05_G_10_86.ogg
少女绮想曲　～ Capriccio,贪欲之兽的音乐,https://upload.thbwiki.cc/6/68/thgs04_09.ogg
少女觉　～ 3rd eye,东方地灵殿,https://upload.thbwiki.cc/a/a1/th11_09.mp3
尘世不变的悲观主义,东方心绮楼,https://upload.thbwiki.cc/5/54/TFM-006a_01.mp3
尘世不变的悲观主义,东方心绮楼,
尘世不变的悲观主义,暗黑能乐集心绮楼,
尸体旅行　～ Be of good cheer!,东方地灵殿,https://upload.thbwiki.cc/0/0d/th11_11.mp3
尸体旅行　～ Be of good cheer!,东方兽王园,https://upload.thbwiki.cc/4/42/th19_15.mp3
山脚的神社,东方风神录,https://upload.thbwiki.cc/0/02/th10_16.mp3
巨大的影子与渺小的结局,东方非想天则,https://upload.thbwiki.cc/9/9d/TFM-004_20.mp3
巨大的影子与渺小的结局,核热造神非想天则,
已经只能听见歌声了,东方永夜抄,https://upload.thbwiki.cc/b/b4/th08_05.mp3
已经只能听见歌声了,东方永夜抄,https://upload.thbwiki.cc/c/c6/th08_05_SC88Pro.mp3
已经只能听见歌声了,东方花映塚,https://upload.thbwiki.cc/8/8e/th09_09.mp3
布加勒斯特的人偶师,东方妖妖梦,https://upload.thbwiki.cc/0/0d/th07_06.mp3
布加勒斯特的人偶师,东方妖妖梦,https://upload.thbwiki.cc/a/a2/th07_06_SC88Pro.mp3
布加勒斯特的人偶师,东方萃梦想,https://upload.thbwiki.cc/b/b3/TFM-001a_08.mp3
布加勒斯特的人偶师,幻想曲拔萃,https://upload.thbwiki.cc/1/1a/TFM-001a_21.mp3
布加勒斯特的人偶师,幻想曲拔萃,https://upload.thbwiki.cc/1/1b/TFM-003A_05.mp3
布加勒斯特的人偶师,东方绯想天,
布加勒斯特的人偶师,全人类的天乐录,
希望之星直升青霄,东方天空璋,https://upload.thbwiki.cc/6/63/th16_02.mp3
希望之星直升青霄,东方天空璋,
平安时代的外星人,东方星莲船,https://upload.thbwiki.cc/4/4c/th12_15.mp3
幻想乡　～ Lotus Land Story,东方幻想乡,https://upload.thbwiki.cc/f/f7/ha01a_01.mp3
幻想乡　～ Lotus Land Story,东方怪绮谈,https://upload.thbwiki.cc/4/42/th04_01_26.ogg
幻想乡　～ Lotus Land Story,幺乐团的历史 vol.1,https://upload.thbwiki.cc/6/6e/th04_01_86.ogg
幻想乡不可思议发现,东方深秘录,https://upload.thbwiki.cc/2/21/TFM-007a_02.mp3
幻想乡不可思议发现,东方深秘录,
幻想乡不可思议发现,深秘乐曲集,
幻想乡的二岩,东方心绮楼,https://upload.thbwiki.cc/c/c4/TFM-006a_14.mp3
幻想乡的二岩,暗黑能乐集心绮楼,https://upload.thbwiki.cc/a/ae/TFM-007b_09.mp3
幻想乡的二岩,东方深秘录,
幻想乡的二岩,深秘乐曲集,
幻想乡的二岩,东方凭依华,
幻想净琉璃,东方辉针城,https://upload.thbwiki.cc/5/5b/th14_09.mp3
幻想净琉璃,弹幕天邪鬼,https://upload.thbwiki.cc/6/61/th14.3_08.mp3
幻想地下大轨道网,东方虹龙洞,https://upload.thbwiki.cc/d/d8/th18_14.mp3
幻想地下大轨道网,灵长新益京,https://upload.thbwiki.cc/f/f7/hr13_03.mp3
幻想帝都,秋霜玉,https://upload.thbwiki.cc/c/ca/sh01p_03.mp3
幻想帝都,秋霜玉,https://upload.thbwiki.cc/9/90/SE01_04.mp3
幻想帝都,东方幻想的音乐,https://upload.thbwiki.cc/f/ff/ssg_04.mp3
幻想的居民,东方幻想乡,https://upload.thbwiki.cc/e/ef/ha01b_07.mp3
幻想的居民,东方怪绮谈,https://upload.thbwiki.cc/4/4b/th04_22_26.ogg
幻想的居民,幺乐团的历史 vol.1,https://upload.thbwiki.cc/0/08/th04_22_86.ogg
幻想的永远祭,莲台野夜行,https://upload.thbwiki.cc/1/19/hr02_11.mp3
幻想的白色旅人,东方天空璋,https://upload.thbwiki.cc/a/a4/th16_08.mp3
幻想的白色旅人,虹色的北斗七星,https://upload.thbwiki.cc/f/f5/hr11_02.mp3
幻想科学　～ Doll's Phantom,秋霜玉,https://upload.thbwiki.cc/1/1f/SE01_14.mp3
幻想科学　～ Doll's Phantom,东方幻想的音乐,https://upload.thbwiki.cc/d/d1/ssg_14.mp3
幻想科学　～ Doll's Phantom,梦违科学世纪,https://upload.thbwiki.cc/f/f4/hr03_10.mp3
幻梦界,东方封魔录,https://upload.thbwiki.cc/c/cf/th02_04_MIDI.mp3
幻梦界,东方怪绮谈,https://upload.thbwiki.cc/f/f8/ha03_06.mp3
幻梦界,东方幻想怀古曲,https://upload.thbwiki.cc/7/76/th02_04_FM.ogg
幻梦界,幺乐团的历史 vol.3,https://upload.thbwiki.cc/c/cb/th05_H_06.ogg
幻视之夜　～ Ghostly Eyes,莲台野夜行,https://upload.thbwiki.cc/5/5b/hr02_05.mp3
幻视之夜　～ Ghostly Eyes,东方永夜抄,https://upload.thbwiki.cc/d/d2/th08_02.mp3
幻视之夜　～ Ghostly Eyes,东方永夜抄,https://upload.thbwiki.cc/e/eb/th08_02_SC88Pro.mp3
幼小的有顶天,东方绯想天,https://upload.thbwiki.cc/7/78/TFM-003O_16.mp3
幼小的有顶天,全人类的天乐录,
幽境,东方萃梦想,https://upload.thbwiki.cc/a/ae/TFM-001b_07.mp3
幽境,幻想曲拔萃,
幽梦　～ Inanimate Dream,东方幻想乡,https://upload.thbwiki.cc/1/14/th4_15.mp3
幽梦　～ Inanimate Dream,东方怪绮谈,https://upload.thbwiki.cc/6/63/ha01a_15.mp3
幽梦　～ Inanimate Dream,东方幻想的音乐,https://upload.thbwiki.cc/7/7c/ha01b_15.mp3
幽梦　～ Inanimate Dream,东方幻想怀古曲,https://upload.thbwiki.cc/2/28/th04_15_26.ogg
幽梦　～ Inanimate Dream,幺乐团的历史 vol.1,https://upload.thbwiki.cc/9/97/th04_15_86.ogg
幽梦　～ Inanimate Dream,幺乐团的历史 vol.1,https://upload.thbwiki.cc/3/37/th05_G_15_26.ogg
幽灵乐团　～ Phantom Ensemble,东方妖妖梦,https://upload.thbwiki.cc/a/a2/th07_09.mp3
幽灵乐团　～ Phantom Ensemble,东方花映塚,https://upload.thbwiki.cc/1/15/th07_09_SC88Pro.mp3
幽灵客船的穿越时空之旅,东方星莲船,https://upload.thbwiki.cc/d/d1/th12_08.mp3
幽雅地绽放吧，墨染的樱花　～ Border of Life,东方妖妖梦,https://upload.thbwiki.cc/d/de/th07_13.mp3
幽雅地绽放吧，墨染的樱花　～ Border of Life,东方萃梦想,https://upload.thbwiki.cc/a/a5/th07_13_SC88Pro.mp3
幽雅地绽放吧，墨染的樱花　～ Border of Life,幻想曲拔萃,https://upload.thbwiki.cc/5/5d/TFM-001a_14.mp3
幽雅地绽放吧，墨染的樱花　～ Border of Life,东方绯想天,https://upload.thbwiki.cc/0/00/TFM-003A_08.mp3
幽雅地绽放吧，墨染的樱花　～ Border of Life,全人类的天乐录,
广有射怪鸟事　～ Till When?,东方妖妖梦,https://upload.thbwiki.cc/f/f7/th07_11.mp3
广有射怪鸟事　～ Till When?,东方萃梦想,https://upload.thbwiki.cc/5/55/th07_11_SC88Pro.mp3
广有射怪鸟事　～ Till When?,幻想曲拔萃,https://upload.thbwiki.cc/4/44/TFM-001a_12.mp3
广有射怪鸟事　～ Till When?,幻想曲拔萃,https://upload.thbwiki.cc/0/0e/TFM-001a_17.mp3
广有射怪鸟事　～ Till When?,幻想曲拔萃,https://upload.thbwiki.cc/8/8f/TFM-001a_23.mp3
广有射怪鸟事　～ Till When?,东方绯想天,https://upload.thbwiki.cc/1/1c/TFM-003A_06.mp3
广有射怪鸟事　～ Till When?,全人类的天乐录,
广重36号　～ Neo Super-Express,卯酉东海道,https://upload.thbwiki.cc/9/97/hr04_01.mp3
废狱摇篮曲,东方地灵殿,https://upload.thbwiki.cc/2/24/th11_10.mp3
开演在即,东方凭依华,https://upload.thbwiki.cc/3/39/TFM-009b_13.mp3
开演在即,完全凭依唱片名录,
异变的种子,东方凭依华,https://upload.thbwiki.cc/6/63/TFM-009a_01.mp3
异变的种子,东方凭依华,
异变的种子,东方凭依华,
异变的种子,完全凭依唱片名录,
异心同体,东方凭依华,https://upload.thbwiki.cc/5/5b/TFM-009a_12.mp3
异心同体,完全凭依唱片名录,
彼岸归航　～ Riverside View,东方花映塚,https://upload.thbwiki.cc/a/a8/th09_14.mp3
彼岸归航　～ Riverside View,卯酉东海道,https://upload.thbwiki.cc/e/e8/hr04_04.mp3
彼岸归航　～ Riverside View,东方绯想天,https://upload.thbwiki.cc/e/ea/TFM-003A_14.mp3
彼岸归航　～ Riverside View,全人类的天乐录,
往来于运河的人与妖,东方辉针城,https://upload.thbwiki.cc/f/f1/th14_04.mp3
往来于运河的人与妖,东方辉针城,https://upload.thbwiki.cc/6/6d/FS01_02.mp3
往来于运河的人与妖,东方铃奈庵,
徜徉于樱色之海,东方天空璋,https://upload.thbwiki.cc/8/86/th16_06.mp3
徜徉于樱色之海,东方天空璋,
御伽之国的鬼岛　～ Missing Power,东方萃梦想,https://upload.thbwiki.cc/9/96/TFM-001b_18.mp3
御伽之国的鬼岛　～ Missing Power,幻想曲拔萃,https://upload.thbwiki.cc/3/38/TFM-001b_22.mp3
御伽之国的鬼岛　～ Missing Power,幻想曲拔萃,https://upload.thbwiki.cc/f/fe/TORA-00009_11.mp3
御伽之国的鬼岛　～ Missing Power,东方紫香花,
御柱的墓场　～ Grave of Being,东方风神录,https://upload.thbwiki.cc/b/bc/th10_12.mp3
御柱的墓场　～ Grave of Being,东方刚欲异闻,https://upload.thbwiki.cc/a/aa/TFM-010a_10.mp3
御柱的墓场　～ Grave of Being,贪欲之兽的音乐,
心绮楼囃子,东方心绮楼,https://upload.thbwiki.cc/6/63/TFM-006a_19.mp3
心绮楼囃子,东方心绮楼,https://upload.thbwiki.cc/0/0d/TFM-006b_01.mp3
心绮楼囃子,暗黑能乐集心绮楼,https://upload.thbwiki.cc/f/f5/TFM-009b_06.mp3
心绮楼囃子,暗黑能乐集心绮楼,
心绮楼囃子,东方凭依华,
心绮楼囃子,完全凭依唱片名录,
忘不了，那曾依藉的绿意,东方绀珠传,https://upload.thbwiki.cc/1/1b/th15_02.mp3
忘不了，那曾依藉的绿意,东方绀珠传,https://upload.thbwiki.cc/4/46/th19_14.mp3
忘不了，那曾依藉的绿意,东方兽王园,
忘不了，那曾依藉的绿意,东方兽王园,
怪绮谈　～ Mystic Square,东方怪绮谈,https://upload.thbwiki.cc/e/eb/ha02_01.mp3
怪绮谈　～ Mystic Square,幺乐团的历史 vol.2,https://upload.thbwiki.cc/5/53/th05_01_26.ogg
恋色Magic,东方封魔录,https://upload.thbwiki.cc/1/1e/th02_10_MIDI.mp3
恋色Magic,东方怪绮谈,https://upload.thbwiki.cc/6/65/th2_09.mp3
恋色Magic,东方幻想的音乐,https://upload.thbwiki.cc/c/c5/th08_10.mp3
恋色Magic,东方幻想怀古曲,https://upload.thbwiki.cc/7/76/th08_10_SC88Pro.mp3
恋色Magic,东方永夜抄,https://upload.thbwiki.cc/0/04/TFM-001a_04.mp3
恋色Magic,东方萃梦想,https://upload.thbwiki.cc/b/b5/TFM-001a_16.mp3
恋色Magic,幻想曲拔萃,https://upload.thbwiki.cc/c/c3/TFM-001a_19.mp3
恋色Magic,幻想曲拔萃,https://upload.thbwiki.cc/e/e6/ha03_09.mp3
恋色Magic,幻想曲拔萃,https://upload.thbwiki.cc/4/41/TFM-004_11.mp3
恋色Magic,幺乐团的历史 vol.3,https://upload.thbwiki.cc/4/4c/TFM-007b_02.mp3
恋色Magic,东方非想天则,https://upload.thbwiki.cc/f/f5/TFM-010a_03.mp3
恋色Magic,核热造神非想天则,https://upload.thbwiki.cc/2/21/th02_10_FM.ogg
恋色Magic,东方深秘录,https://upload.thbwiki.cc/a/af/th05_H_09.ogg
恋色Magic,深秘乐曲集,https://upload.thbwiki.cc/b/b6/thgs02_09.ogg
恋色Magic,东方凭依华,
恋色Magic,东方刚欲异闻,
恋色Magic,东方刚欲异闻,
恋色Magic,东方刚欲异闻,
恋色Magic,贪欲之兽的音乐,
恒常不变的参庙祀,东方凭依华,https://upload.thbwiki.cc/0/08/TFM-009a_10.mp3
恒常不变的参庙祀,完全凭依唱片名录,
悠久山上鬼,东方兽王园,https://upload.thbwiki.cc/1/1b/th19_04.mp3
悠久的蒸汽机关,东方非想天则,https://upload.thbwiki.cc/6/6b/TFM-004_17.mp3
悠久的蒸汽机关,核热造神非想天则,https://upload.thbwiki.cc/7/7d/TFM-009b_17.mp3
悠久的蒸汽机关,东方凭依华,
悠久的蒸汽机关,完全凭依唱片名录,
意气洋洋,东方凭依华,https://upload.thbwiki.cc/2/29/TFM-009b_07.mp3
意气洋洋,完全凭依唱片名录,
感情的摩天楼　～ Cosmic Mind,东方星莲船,https://upload.thbwiki.cc/6/67/th12_13.mp3
感情的摩天楼　～ Cosmic Mind,鸟船遗迹,https://upload.thbwiki.cc/d/d0/hr07_09.mp3
感情的摩天楼　～ Cosmic Mind,东方心绮楼,https://upload.thbwiki.cc/6/6b/TFM-006a_06.mp3
感情的摩天楼　～ Cosmic Mind,东方心绮楼,https://upload.thbwiki.cc/4/4c/TFM-006b_07.mp3
感情的摩天楼　～ Cosmic Mind,暗黑能乐集心绮楼,https://upload.thbwiki.cc/1/18/TFM-007b_04.mp3
感情的摩天楼　～ Cosmic Mind,暗黑能乐集心绮楼,
感情的摩天楼　～ Cosmic Mind,东方深秘录,
感情的摩天楼　～ Cosmic Mind,深秘乐曲集,
感情的摩天楼　～ Cosmic Mind,东方凭依华,
成对的神兽,东方天空璋,https://upload.thbwiki.cc/8/8b/th16_07.mp3
成对的神兽,东方天空璋,https://upload.thbwiki.cc/b/b6/th19_12.mp3
成对的神兽,东方兽王园,
成对的神兽,东方兽王园,
我们的非想天则,东方非想天则,https://upload.thbwiki.cc/7/71/TFM-004_15.mp3
我们的非想天则,核热造神非想天则,https://upload.thbwiki.cc/a/a3/TFM-004_19.mp3
我们的非想天则,核热造神非想天则,https://upload.thbwiki.cc/3/38/TFM-004_21.mp3
我们的非想天则,核热造神非想天则,
战斗前会话,东方兽王园,https://upload.thbwiki.cc/a/a1/th19_23.mp3
战斗前会话,东方兽王园,https://upload.thbwiki.cc/0/0f/th19_24.mp3
战车娘所做的梦,东方封魔录,https://upload.thbwiki.cc/5/54/th02_15_MIDI.mp3
战车娘所做的梦,东方怪绮谈,https://upload.thbwiki.cc/d/d4/ha03_13.mp3
战车娘所做的梦,幺乐团的历史 vol.3,https://upload.thbwiki.cc/2/27/th02_15_FM.ogg
战迅,东方萃梦想,https://upload.thbwiki.cc/6/69/TFM-001b_15.mp3
战迅,幻想曲拔萃,
所爱所怜的凡尘居所,东方锦上京,https://upload.thbwiki.cc/5/56/th20_02.mp3
所爱所怜的凡尘居所,东方锦上京,
所爱所怜的日常,东方锦上京,https://upload.thbwiki.cc/f/fb/th20_14.mp3
拿起弹幕吧，弹幕狂们,弹幕狂们的黑市,https://upload.thbwiki.cc/2/2a/th18.5_05.mp3
收藏家的忧郁午后,弹幕狂们的黑市,https://upload.thbwiki.cc/d/d2/th18.5_01.mp3
收集日本各地的不可思议,伊奘诺物质,https://upload.thbwiki.cc/3/3d/hr08_09.mp3
放纵不羁,东方绯想天,https://upload.thbwiki.cc/d/dd/TFM-003O_11.mp3
放纵不羁,全人类的天乐录,
故乡之星倒映之海,东方绀珠传,https://upload.thbwiki.cc/a/a5/th15_12.mp3
故乡之星倒映之海,燕石博物志,https://upload.thbwiki.cc/6/6d/hr09_09.mp3
散发着香气的树叶花,东方绯想天,https://upload.thbwiki.cc/e/e0/TFM-003O_06.mp3
散发着香气的树叶花,东方绯想天,
散发着香气的树叶花,全人类的天乐录,
文化规划都市 灵长新益京,灵长新益京,https://upload.thbwiki.cc/9/97/hr13_05.mp3
斯普特尼克幻夜,秋霜玉,https://upload.thbwiki.cc/4/40/SE01_08.mp3
斯普特尼克幻夜,东方幻想的音乐,https://upload.thbwiki.cc/6/6e/ssg_08.mp3
斯普特尼克幻夜,The Grimoire of Marisa,https://upload.thbwiki.cc/0/01/GoM_02.mp3
新幻想　～ New Fantasy,稀翁玉,https://upload.thbwiki.cc/1/16/SE02_05.mp3
无人气的场所,东方心绮楼,https://upload.thbwiki.cc/e/e6/TFM-006a_11.mp3
无人气的场所,暗黑能乐集心绮楼,
无何有之乡　～ Deep Mountain,东方妖妖梦,https://upload.thbwiki.cc/9/9c/th07_02.mp3
无何有之乡　～ Deep Mountain,东方妖妖梦,https://upload.thbwiki.cc/f/fe/th07_02_SC88Pro.mp3
无间之钟　～ Infinite Nightmare,东方文花帖DS,https://upload.thbwiki.cc/6/6e/th12.5_05.mp3
无间之钟　～ Infinite Nightmare,未知之花 魅知之旅,https://upload.thbwiki.cc/4/42/hr06_02.mp3
日出七夕坂,七夕坂梦幻能,https://upload.thbwiki.cc/b/bb/hr12_01.mp3
日常坐卧,东方绯想天,https://upload.thbwiki.cc/5/53/TFM-003O_02.mp3
日常坐卧,全人类的天乐录,
日常坐卧,东方非想天则,
日日是红日 ～ Folksy Touhou days.,东方音焰火,https://upload.thbwiki.cc/7/76/Folksy_Touhou_days.mp3
日渐荒废的工业遗址,东方虹龙洞,https://upload.thbwiki.cc/9/96/th18_08.mp3
旧世界的冒险酒馆,旧约酒馆,https://upload.thbwiki.cc/3/39/hr10_07.mp3
早已习惯最终孑然一身　～ Stone Goddess,东方锦上京,https://upload.thbwiki.cc/3/37/th20_12.mp3
时之风,东方怪绮谈,https://upload.thbwiki.cc/b/b1/ha04_22.mp3
时之风,幺乐团的历史 vol.4,https://upload.thbwiki.cc/a/a9/th05_Y_22.ogg
时代风潮的造访,东方深秘录,https://upload.thbwiki.cc/b/be/TFM-007a_07.mp3
时代风潮的造访,深秘乐曲集,
时刻旺盛的好奇心,妖精大战争,https://upload.thbwiki.cc/e/e8/th12.8_04.mp3
时刻旺盛的好奇心,东方三月精O,https://upload.thbwiki.cc/6/6f/OSP02_01.mp3
明日之盛，昨日之俗,东方风神录,https://upload.thbwiki.cc/7/70/th10_14.mp3
明日之盛，昨日之俗,东方非想天则,https://upload.thbwiki.cc/b/b2/TFM-004_07.mp3
明日之盛，昨日之俗,核热造神非想天则,https://upload.thbwiki.cc/6/67/hr06_03.mp3
明日之盛，昨日之俗,未知之花 魅知之旅,
明治十七年的上海爱丽丝,东方红魔乡,https://upload.thbwiki.cc/2/24/th06_07.mp3
明治十七年的上海爱丽丝,东方红魔乡,https://upload.thbwiki.cc/f/f0/th06_07_SC88Pro.mp3
明治十七年的上海爱丽丝,蓬莱人形,https://upload.thbwiki.cc/0/0f/hr01_04.mp3
昏暗的风穴,东方地灵殿,https://upload.thbwiki.cc/4/41/th11_02.mp3
昏暗的风穴,东方地灵殿,https://upload.thbwiki.cc/a/ab/TFM-010a_05.mp3
昏暗的风穴,东方刚欲异闻,
昏暗的风穴,东方刚欲异闻,
昏暗的风穴,东方刚欲异闻,
昏暗的风穴,贪欲之兽的音乐,
星之器　～ Casket of Star,东方幻想乡,https://upload.thbwiki.cc/5/56/th4_11.mp3
星之器　～ Casket of Star,东方怪绮谈,https://upload.thbwiki.cc/1/16/ha01a_11.mp3
星之器　～ Casket of Star,东方幻想的音乐,https://upload.thbwiki.cc/6/6e/TFM-003A_03.mp3
星之器　～ Casket of Star,东方幻想怀古曲,https://upload.thbwiki.cc/1/1e/th04_11_26.ogg
星之器　～ Casket of Star,幺乐团的历史 vol.1,https://upload.thbwiki.cc/e/e6/th04_11_86.ogg
星之器　～ Casket of Star,东方绯想天,https://upload.thbwiki.cc/9/98/th05_G_11_26.ogg
星之器　～ Casket of Star,全人类的天乐录,https://upload.thbwiki.cc/0/03/th05_G_11_86.ogg
星幽剑士,东方灵异传,https://upload.thbwiki.cc/a/a3/%E6%98%9F%E5%B9%BD%E5%89%A3%E5%A3%AB~_The_%E2%98%85Alice-in-Wonderland_Angel.mp3
星幽剑士,东方怪绮谈,https://upload.thbwiki.cc/0/02/ha05_13.mp3
星幽剑士,幺乐团的历史 vol.5,https://upload.thbwiki.cc/7/7b/th05_R_13_1.ogg
星条旗的小丑,东方绀珠传,https://upload.thbwiki.cc/3/3a/th15_11.mp3
映花之塚,东方花映塚,https://upload.thbwiki.cc/f/fa/th09_16.mp3
映花之塚,东方花映塚,https://upload.thbwiki.cc/a/aa/th09_00c_SC88Pro.mp3
春之冰精,妖精大战争,https://upload.thbwiki.cc/d/d4/th12.8_01.mp3
春之冰精　- 静 -,妖精大战争,https://upload.thbwiki.cc/c/c9/th12.8_09.mp3
春之港湾,东方星莲船,https://upload.thbwiki.cc/2/28/th12_02.mp3
春之港湾,东方星莲船,https://upload.thbwiki.cc/2/2d/th19_13.mp3
春之港湾,东方兽王园,
春之港湾,东方兽王园,
春色小径　～ Colorful Path,东方花映塚,https://upload.thbwiki.cc/6/69/th09_02.mp3
春色小径　～ Colorful Path,东方花映塚,https://upload.thbwiki.cc/8/8b/th09_01_SC88Pro.mp3
春色小径　～ Colorful Path,东方心绮楼,https://upload.thbwiki.cc/2/27/TFM-006a_03.mp3
春色小径　～ Colorful Path,东方心绮楼,https://upload.thbwiki.cc/9/92/TFM-006b_04.mp3
春色小径　～ Colorful Path,东方心绮楼,
春色小径　～ Colorful Path,暗黑能乐集心绮楼,
春色小径　～ Colorful Path,暗黑能乐集心绮楼,
春风之梦,东方妖妖梦,https://upload.thbwiki.cc/b/b8/th07_19.mp3
显现的传承形态,东方深秘录,https://upload.thbwiki.cc/e/e6/TFM-007a_05.mp3
显现的传承形态,东方深秘录,
显现的传承形态,深秘乐曲集,
晓云,东方心绮楼,https://upload.thbwiki.cc/f/f0/TFM-006a_17.mp3
晓云,暗黑能乐集心绮楼,
智略纵横,东方凭依华,https://upload.thbwiki.cc/8/86/TFM-009a_16.mp3
智略纵横,完全凭依唱片名录,
暮色苍然,东方绯想天,https://upload.thbwiki.cc/f/fc/TFM-003O_17.mp3
暮色苍然,全人类的天乐录,
暮色苍然,东方非想天则,
曲名不详,东方文花帖DS,https://upload.thbwiki.cc/e/e5/th12.5_07.mp3
最澄澈的空与海,卯酉东海道,https://upload.thbwiki.cc/8/8d/hr04_11.mp3
月之妖鸟、化猫之幻,莲台野夜行,https://upload.thbwiki.cc/2/27/hr02_07.mp3
月时计　～ Luna Dial,东方红魔乡,https://upload.thbwiki.cc/c/cc/th06_11.mp3
月时计　～ Luna Dial,东方萃梦想,https://upload.thbwiki.cc/f/fb/th06_11_SC88Pro.mp3
月时计　～ Luna Dial,幻想曲拔萃,https://upload.thbwiki.cc/4/40/TFM-001b_06.mp3
月见草,东方永夜抄,https://upload.thbwiki.cc/2/2c/th08_19.mp3
月轮,东方萃梦想,https://upload.thbwiki.cc/d/d4/TFM-001a_03.mp3
月轮,幻想曲拔萃,
有人气的场所,东方心绮楼,https://upload.thbwiki.cc/a/a6/TFM-006a_02.mp3
有人气的场所,暗黑能乐集心绮楼,
有珠子的日常,东方深秘录,https://upload.thbwiki.cc/7/71/TFM-007a_03.mp3
有珠子的日常,东方深秘录,
有珠子的日常,深秘乐曲集,
有顶天变　～ Wonderful Heaven,东方绯想天,https://upload.thbwiki.cc/1/10/TFM-003O_15.mp3
有顶天变　～ Wonderful Heaven,全人类的天乐录,https://upload.thbwiki.cc/3/3f/TFM-003A_16.mp3
有顶天变　～ Wonderful Heaven,全人类的天乐录,https://upload.thbwiki.cc/5/56/TFM-009c_05.mp3
有顶天变　～ Wonderful Heaven,东方凭依华,
有顶天变　～ Wonderful Heaven,完全凭依唱片名录,
未知之花 魅知之旅,未知之花 魅知之旅,https://upload.thbwiki.cc/7/7b/hr06_01.mp3
未知物Ｘ　～ Unfound Adventure,东方非想天则,https://upload.thbwiki.cc/b/bb/TFM-004_08.mp3
未知物Ｘ　～ Unfound Adventure,核热造神非想天则,https://upload.thbwiki.cc/8/82/TFM-004_18.mp3
未知物Ｘ　～ Unfound Adventure,核热造神非想天则,https://upload.thbwiki.cc/f/fe/hr08_08.mp3
未知物Ｘ　～ Unfound Adventure,伊奘诺物质,https://upload.thbwiki.cc/1/1f/TFM-008_06.mp3
未知物Ｘ　～ Unfound Adventure,东方深秘录,
未知物Ｘ　～ Unfound Adventure,深秘乐曲集·补,
未知物Ｘ　～ Unfound Adventure,东方凭依华,
本日的头版头条,东方心绮楼,https://upload.thbwiki.cc/d/df/TFM-006a_13.mp3
本日的头版头条,暗黑能乐集心绮楼,
机械马戏团　～ Reverie,秋霜玉,https://upload.thbwiki.cc/a/a8/SE01_09.mp3
机械马戏团　～ Reverie,东方幻想的音乐,https://upload.thbwiki.cc/4/4a/ssg_09.mp3
机械马戏团　～ Reverie,蓬莱人形,https://upload.thbwiki.cc/1/11/hr01_07.mp3
来吧，直到倒地死去的那一刻,东方灵异传,https://upload.thbwiki.cc/a/a4/%E3%81%84%E3%81%96%E3%80%81%E5%80%92%E3%82%8C%E9%80%9D%E3%81%8F%E3%81%9D%E3%81%AE%E6%99%82%E3%81%BE%E3%81%A7.mp3
来吧，直到倒地死去的那一刻,东方怪绮谈,https://upload.thbwiki.cc/9/97/ha05_11.mp3
来吧，直到倒地死去的那一刻,幺乐团的历史 vol.5,https://upload.thbwiki.cc/7/76/th05_R_11_1.ogg
架起虹桥的幻想乡,东方虹龙洞,https://upload.thbwiki.cc/4/4a/th18_01.mp3
架起虹桥的幻想乡,东方虹龙洞,
柳树下的杜拉罕,东方辉针城,https://upload.thbwiki.cc/2/2d/th14_05.mp3
柳树下的杜拉罕,东方辉针城,
桑尼米尔克的红雾异变,东方三月精S,https://upload.thbwiki.cc/2/28/SaBND01_01.mp3
梦境与现实的境界,梦违科学世纪,https://upload.thbwiki.cc/e/e1/hr03_09.mp3
梦幻回廊,东方幻想的音乐,https://upload.thbwiki.cc/f/f5/zun_005.mp3
梦幻游戏　～ Dream War,东方梦时空,https://upload.thbwiki.cc/0/0f/ha04_09.mp3
梦幻游戏　～ Dream War,东方怪绮谈,https://upload.thbwiki.cc/2/27/th03_09.ogg
梦幻游戏　～ Dream War,东方幻想怀古曲,https://upload.thbwiki.cc/d/dc/th05_Y_09.ogg
梦幻游戏　～ Dream War,幺乐团的历史 vol.4,https://upload.thbwiki.cc/6/68/thgs03_09.ogg
梦幻能　～ Taboo Marionette,七夕坂梦幻能,https://upload.thbwiki.cc/4/47/hr12_05.mp3
梦想时空,东方怪绮谈,https://upload.thbwiki.cc/9/96/th5_04.mp3
梦想时空,东方幻想的音乐,https://upload.thbwiki.cc/e/ed/TORA-00009_03.mp3
梦想时空,东方幻想怀古曲,https://upload.thbwiki.cc/8/8d/ha02_04.mp3
梦想时空,东方紫香花,https://upload.thbwiki.cc/b/b9/th05_04_26.ogg
梦想时空,幺乐团的历史 vol.2,https://upload.thbwiki.cc/1/1b/th05_04_86.ogg
梦想超越时空,东方梦时空,https://upload.thbwiki.cc/0/04/ha04_01.mp3
梦想超越时空,东方怪绮谈,https://upload.thbwiki.cc/0/07/th03_01.ogg
梦想超越时空,幺乐团的历史 vol.4,https://upload.thbwiki.cc/c/cd/th05_Y_01.ogg
梦机械　～ Innocent Power,秋霜玉,https://upload.thbwiki.cc/a/a5/SE01_13.mp3
梦机械　～ Innocent Power,东方幻想的音乐,https://upload.thbwiki.cc/e/e7/ssg_13.mp3
梦殿大祀庙,东方神灵庙,https://upload.thbwiki.cc/a/a1/th13_10.mp3
梦消失　～ Lost Dream,东方梦时空,https://upload.thbwiki.cc/6/64/th3_08.mp3
梦消失　～ Lost Dream,东方怪绮谈,https://upload.thbwiki.cc/d/d9/ha04_08.mp3
梦消失　～ Lost Dream,东方幻想的音乐,https://upload.thbwiki.cc/4/42/th03_08.ogg
梦消失　～ Lost Dream,东方幻想怀古曲,https://upload.thbwiki.cc/f/f7/th05_Y_08.ogg
梦消失　～ Lost Dream,幺乐团的历史 vol.4,https://upload.thbwiki.cc/b/b6/thgs03_08.ogg
森林里面有鬼怪哦,东方锦上京,https://upload.thbwiki.cc/4/43/th20_05.mp3
森林里面有鬼怪哦,东方锦上京,
森闲,东方萃梦想,https://upload.thbwiki.cc/8/86/TFM-001b_03.mp3
森闲,幻想曲拔萃,
樱花之恋塚　～ Flower of Japan,稀翁玉,https://upload.thbwiki.cc/6/64/SE02_08.mp3
樱花之恋塚　～ Flower of Japan,蓬莱人形,https://upload.thbwiki.cc/2/2a/sh02_08.mp3
樱花樱花　～ Japanize Dream...,东方妖妖梦,https://upload.thbwiki.cc/b/b0/th07_20.mp3
樱花舞落的天空,东方天空璋,https://upload.thbwiki.cc/2/20/th16_01.mp3
樱花舞落的天空,东方天空璋,
欢迎来到妖怪寺,东方神灵庙,https://upload.thbwiki.cc/4/41/th13_04.mp3
欢迎来到妖怪寺,东方神灵庙,https://upload.thbwiki.cc/9/9e/th13l_04.mp3
欢迎来到月面旅行团,大空魔术,https://upload.thbwiki.cc/9/94/hr05_01.mp3
欲望深重的灵魂,东方神灵庙,https://upload.thbwiki.cc/c/c2/th13_01.mp3
欲望深重的灵魂,东方神灵庙,
此岸之塚,东方花映塚,https://upload.thbwiki.cc/4/49/th09_17.mp3
死灵的夜樱,东方神灵庙,https://upload.thbwiki.cc/1/12/th13_02.mp3
死灵的夜樱,东方神灵庙,https://upload.thbwiki.cc/4/44/th13l_02.mp3
比普朗克更短的须臾,燕石博物志,https://upload.thbwiki.cc/1/1e/hr09_05.mp3
比红色更虚无的永远,东方红魔乡,https://upload.thbwiki.cc/8/80/th06_16.mp3
比赤色更红的梦,东方红魔乡,https://upload.thbwiki.cc/1/11/th06_01.mp3
比赤色更红的梦,东方红魔乡,https://upload.thbwiki.cc/c/c7/th06_01_SC88Pro.mp3
毕竟不单夜晚有鬼怪,七夕坂梦幻能,https://upload.thbwiki.cc/3/37/hr12_11.mp3
永夜抄　～ Eastern Night.,东方永夜抄,https://upload.thbwiki.cc/e/e2/th08_01.mp3
永夜抄　～ Eastern Night.,东方永夜抄,https://upload.thbwiki.cc/f/f6/th08_01_SC88Pro.mp3
永夜的报应　～ Imperishable Night,东方永夜抄,https://upload.thbwiki.cc/9/9c/th08_08.mp3
永夜的报应　～ Imperishable Night,梦违科学世纪,https://upload.thbwiki.cc/b/ba/th08_08_SC88Pro.mp3
永夜的报应　～ Imperishable Night,东方外来韦编,https://upload.thbwiki.cc/4/41/hr03_06.mp3
永远之巫女,东方灵异传,https://upload.thbwiki.cc/6/62/%E6%B0%B8%E9%81%A0%E3%81%AE%E5%B7%AB%E5%A5%B3.mp3
永远之巫女,东方怪绮谈,https://upload.thbwiki.cc/b/bd/th1_01.mp3
永远之巫女,东方幻想的音乐,https://upload.thbwiki.cc/9/99/hr01_12.mp3
永远之巫女,东方幻想怀古曲,https://upload.thbwiki.cc/0/06/ha05_02.mp3
永远之巫女,蓬莱人形,https://upload.thbwiki.cc/2/2e/th05_R_02_1.ogg
永远之巫女,幺乐团的历史 vol.5,https://upload.thbwiki.cc/c/c8/th05_R_02_2.ogg
永远延续的回廊,东方凭依华,https://upload.thbwiki.cc/e/ef/TFM-009b_03.mp3
永远延续的回廊,完全凭依唱片名录,
永远的三日天下,弹幕天邪鬼,https://upload.thbwiki.cc/8/83/th14.3_05.mp3
永远的三日天下,燕石博物志,https://upload.thbwiki.cc/4/42/hr09_11.mp3
永远的乐园,东方怪绮谈,https://upload.thbwiki.cc/b/b1/ha02_20.mp3
永远的乐园,幺乐团的历史 vol.2,https://upload.thbwiki.cc/0/01/th05_20_26.ogg
永远的春梦,东方绀珠传,https://upload.thbwiki.cc/5/54/th15_07.mp3
永远的春梦,东方绀珠传,https://upload.thbwiki.cc/b/b3/TFM-009c_03.mp3
永远的春梦,东方凭依华,https://upload.thbwiki.cc/4/48/th16.5_07.mp3
永远的春梦,完全凭依唱片名录,
永远的春梦,秘封噩梦日记,
永远的满月,东方梦时空,https://upload.thbwiki.cc/9/9f/th3_17.mp3
永远的满月,东方怪绮谈,https://upload.thbwiki.cc/1/16/ha04_18.mp3
永远的满月,东方幻想的音乐,https://upload.thbwiki.cc/f/fa/th03_17.ogg
永远的满月,东方幻想怀古曲,https://upload.thbwiki.cc/e/eb/th05_Y_17.ogg
永远的满月,幺乐团的历史 vol.4,https://upload.thbwiki.cc/c/c5/thgs03_17.ogg
沉入记忆深海的少女,东方锦上京,https://upload.thbwiki.cc/a/ab/th20_10.mp3
沉向空中的辉针城,东方辉针城,https://upload.thbwiki.cc/5/55/th14_10.mp3
沉向空中的辉针城,燕石博物志,https://upload.thbwiki.cc/0/09/hr09_07.mp3
沉睡的恐怖　～ Sleeping Terror,东方幻想乡,https://upload.thbwiki.cc/1/1a/th4_12.mp3
沉睡的恐怖　～ Sleeping Terror,东方怪绮谈,https://upload.thbwiki.cc/0/01/ha01a_13.mp3
沉睡的恐怖　～ Sleeping Terror,东方幻想的音乐,https://upload.thbwiki.cc/c/c3/th04_13_26.ogg
沉睡的恐怖　～ Sleeping Terror,东方幻想怀古曲,https://upload.thbwiki.cc/7/79/th04_13_86.ogg
沉睡的恐怖　～ Sleeping Terror,幺乐团的历史 vol.1,https://upload.thbwiki.cc/b/b7/th05_G_13_26.ogg
沉默的兽灵,东方鬼形兽,https://upload.thbwiki.cc/8/88/th17_01.mp3
沉默的兽灵,东方鬼形兽,
没用上的场所,暗黑能乐集心绮楼,https://upload.thbwiki.cc/1/18/TFM-006b_03.mp3
法力之下的平等,东方凭依华,https://upload.thbwiki.cc/3/30/TFM-009a_07.mp3
法力之下的平等,完全凭依唱片名录,
法界之火,东方星莲船,https://upload.thbwiki.cc/1/1d/th12_12.mp3
泽之河童的技术力,东方凭依华,https://upload.thbwiki.cc/5/55/TFM-009a_13.mp3
泽之河童的技术力,完全凭依唱片名录,
活泼的纯情小姑娘,东方红魔乡,https://upload.thbwiki.cc/d/df/th06_05.mp3
活泼的纯情小姑娘,东方红魔乡,https://upload.thbwiki.cc/8/83/th06_05_SC88Pro.mp3
活泼的纯情小姑娘,东方花映塚,https://upload.thbwiki.cc/c/cd/BAiJR_02.mp3
活泼的纯情小姑娘,东方文花帖（书籍）,https://upload.thbwiki.cc/5/59/th09_07.mp3
活泼的纯情小姑娘,东方非想天则,https://upload.thbwiki.cc/9/91/th09_05_SC88Pro.mp3
活泼的纯情小姑娘,核热造神非想天则,https://upload.thbwiki.cc/2/2b/TFM-004_04.mp3
浪漫逃飞行,弹幕天邪鬼,https://upload.thbwiki.cc/1/1a/th14.3_04.mp3
深山的遭遇,东方天空璋,https://upload.thbwiki.cc/3/37/th16_05.mp3
深山的遭遇,东方天空璋,
深绿掩映的断崖,东方虹龙洞,https://upload.thbwiki.cc/d/d8/th18_04.mp3
深绿掩映的断崖,东方虹龙洞,
渴盼已久的逢魔之刻,东方虹龙洞,https://upload.thbwiki.cc/f/f9/th18_10.mp3
渴盼已久的逢魔之刻,东方兽王园,https://upload.thbwiki.cc/f/fc/th19_16.mp3
湖上倒映着洁净的月光,东方绀珠传,https://upload.thbwiki.cc/e/e1/th15_03.mp3
湖上倒映着洁净的月光,东方绀珠传,
满月的竹林,东方辉针城,https://upload.thbwiki.cc/5/50/th14_06.mp3
满月的竹林,东方辉针城,
漂浮于宇宙之中的幻想乡,鸟船遗迹,https://upload.thbwiki.cc/1/14/hr07_10.mp3
漫游旧地狱街道,东方地灵殿,https://upload.thbwiki.cc/9/99/th11_06.mp3
漫游旧地狱街道,东方地灵殿,https://upload.thbwiki.cc/0/08/TFM-010a_08.mp3
漫游旧地狱街道,东方刚欲异闻,
漫游旧地狱街道,东方刚欲异闻,
漫游旧地狱街道,东方刚欲异闻,
漫游旧地狱街道,贪欲之兽的音乐,
灭杀龙王的公主,东方虹龙洞,https://upload.thbwiki.cc/8/88/th18_15.mp3
灰姑娘的笼子　～ Kagome-Kagome,东方永夜抄,https://upload.thbwiki.cc/9/93/th08_11.mp3
灰姑娘的笼子　～ Kagome-Kagome,Cradle - 东方幻乐祀典,https://upload.thbwiki.cc/9/91/th08_11_SC88Pro.mp3
灵人的休息日,东方梦时空,https://upload.thbwiki.cc/d/da/ha04_21.mp3
灵人的休息日,东方怪绮谈,https://upload.thbwiki.cc/0/0f/th03_19.ogg
灵人的休息日,幺乐团的历史 vol.4,https://upload.thbwiki.cc/5/52/th05_Y_19.ogg
灵天　～ Spiritual Heaven,东方怪绮谈,https://upload.thbwiki.cc/5/50/ha02_05.mp3
灵天　～ Spiritual Heaven,幺乐团的历史 vol.2,https://upload.thbwiki.cc/9/94/th05_05_26.ogg
灵异任你选,东方深秘录,https://upload.thbwiki.cc/1/1f/TFM-007a_04.mp3
灵异任你选,东方深秘录,https://upload.thbwiki.cc/5/5b/SCoOW02_01.mp3
灵异任你选,深秘乐曲集,https://upload.thbwiki.cc/a/a0/TFM-008_04.mp3
灵异任你选,东方外来韦编,
灵异任你选,东方深秘录,
灵异任你选,深秘乐曲集·补,
灵异任你选,东方凭依华,
灵战　～ Perdition crisis,东方幻想乡,https://upload.thbwiki.cc/7/79/th4_08.mp3
灵战　～ Perdition crisis,东方怪绮谈,https://upload.thbwiki.cc/9/95/ha01a_08.mp3
灵战　～ Perdition crisis,东方幻想的音乐,https://upload.thbwiki.cc/1/13/th04_08_26.ogg
灵战　～ Perdition crisis,东方幻想怀古曲,https://upload.thbwiki.cc/a/af/th04_08_86.ogg
灵战　～ Perdition crisis,幺乐团的历史 vol.1,https://upload.thbwiki.cc/a/a8/th05_G_08_26.ogg
灵知的太阳信仰　～ Nuclear Fusion,东方地灵殿,https://upload.thbwiki.cc/c/ca/th11_13.mp3
灵知的太阳信仰　～ Nuclear Fusion,东方非想天则,https://upload.thbwiki.cc/0/0e/TFM-004_06.mp3
灵知的太阳信仰　～ Nuclear Fusion,核热造神非想天则,https://upload.thbwiki.cc/d/df/TFM-010a_14.mp3
灵知的太阳信仰　～ Nuclear Fusion,东方刚欲异闻,
灵知的太阳信仰　～ Nuclear Fusion,贪欲之兽的音乐,
灵魂安息之所,东方怪绮谈,https://upload.thbwiki.cc/c/c7/ha02_22.mp3
灵魂安息之所,幺乐团的历史 vol.2,https://upload.thbwiki.cc/7/79/th05_23_26.ogg
熙攘市场今何在　～ Immemorial Marketeers,东方虹龙洞,https://upload.thbwiki.cc/b/bd/th18_13.mp3
熙攘市场今何在　～ Immemorial Marketeers,虹色的北斗七星,https://upload.thbwiki.cc/7/7d/hr11_03.mp3
熙攘市场今何在　～ Immemorial Marketeers,弹幕狂们的黑市,https://upload.thbwiki.cc/b/bd/th18_13.mp3
燃起犯规的狼烟,弹幕天邪鬼,https://upload.thbwiki.cc/c/cb/th14.3_01.mp3
燕石博物志所带来的黑暗,旧约酒馆,https://upload.thbwiki.cc/e/e4/hr10_02.mp3
燕石博物志所带来的黑暗,秘封噩梦日记,https://upload.thbwiki.cc/7/72/th16.5_06.mp3
特佩斯的年幼末裔,东方红魔乡,https://upload.thbwiki.cc/9/9d/th06_12.mp3
特洛伊群的密林,鸟船遗迹,https://upload.thbwiki.cc/c/c6/hr07_02.mp3
狂气之瞳　～ Invisible Full Moon,东方永夜抄,https://upload.thbwiki.cc/7/79/th08_12.mp3
狂气之瞳　～ Invisible Full Moon,东方花映塚,https://upload.thbwiki.cc/b/b3/th08_12_SC88Pro.mp3
狂气之瞳　～ Invisible Full Moon,东方绯想天,https://upload.thbwiki.cc/f/f1/th09_06.mp3
狂气之瞳　～ Invisible Full Moon,全人类的天乐录,https://upload.thbwiki.cc/5/5a/TFM-003A_12.mp3
狂气之瞳　～ Invisible Full Moon,东方深秘录,https://upload.thbwiki.cc/5/5b/TFM-008_01.mp3
狂气之瞳　～ Invisible Full Moon,深秘乐曲集·补,
狂气之瞳　～ Invisible Full Moon,东方凭依华,
独一无二的投影,INDIE Live Expo,https://upload.thbwiki.cc/2/27/ILE_title.mp3
独自一人的常陆行路,七夕坂梦幻能,https://upload.thbwiki.cc/8/82/hr12_08.mp3
猎鹿旧忆回潮,东方锦上京,https://upload.thbwiki.cc/d/da/th20_09.mp3
猎鹿旧忆回潮,灵长新益京,https://upload.thbwiki.cc/d/d8/hr13_06.mp3
献给已逝公主的七重奏,东方红魔乡,https://upload.thbwiki.cc/b/b3/th06_13.mp3
献给已逝公主的七重奏,东方萃梦想,https://upload.thbwiki.cc/1/1c/th06_13_SC88Pro.mp3
献给已逝公主的七重奏,幻想曲拔萃,https://upload.thbwiki.cc/a/a8/TFM-001a_13.mp3
献给已逝公主的七重奏,幻想曲拔萃,https://upload.thbwiki.cc/b/b2/TFM-001a_24.mp3
献给已逝公主的七重奏,东方绯想天,https://upload.thbwiki.cc/3/32/TFM-003A_09.mp3
献给已逝公主的七重奏,全人类的天乐录,
现代妖怪殖民地,东方文花帖DS,https://upload.thbwiki.cc/a/a5/th12.5_03.mp3
现代妖怪殖民地,东方三月精O,https://upload.thbwiki.cc/0/0d/OSP01_02.mp3
珍奇的上海古牌,东方幻想麻将,https://upload.thbwiki.cc/0/01/DNAS-MJST_17.mp3
甲论乙驳,东方绯想天,https://upload.thbwiki.cc/e/e8/TFM-003O_04.mp3
甲论乙驳,全人类的天乐录,
甲论乙驳,东方非想天则,
畜生们的小憩,东方鬼形兽,https://upload.thbwiki.cc/5/5a/th17_16.mp3
疑惑的萌芽,东方凭依华,https://upload.thbwiki.cc/4/4b/TFM-009a_08.mp3
疑惑的萌芽,完全凭依唱片名录,
白色旅人,东方天空璋,https://upload.thbwiki.cc/7/72/th16_17.mp3
相信可能性,东方深秘录,https://upload.thbwiki.cc/e/e0/TFM-007a_11.mp3
相信可能性,深秘乐曲集,
眷爱众生之神　～ Romantic Fall,东方风神录,https://upload.thbwiki.cc/6/60/th10_02.mp3
眷爱众生之神　～ Romantic Fall,东方风神录,
知晓真相之人,东方深秘录,https://upload.thbwiki.cc/4/46/TFM-007a_13.mp3
知晓真相之人,深秘乐曲集,
石之婴儿与水中牛,东方鬼形兽,https://upload.thbwiki.cc/c/cd/th17_05.mp3
石之婴儿与水中牛,东方鬼形兽,
破邪的小太刀,东方灵异传,https://upload.thbwiki.cc/5/59/%E7%A0%B4%E9%82%AA%E3%81%AE%E5%B0%8F%E5%A4%AA%E5%88%80.mp3
破邪的小太刀,东方怪绮谈,https://upload.thbwiki.cc/1/16/ha05_08.mp3
破邪的小太刀,东方幻想怀古曲,https://upload.thbwiki.cc/2/2c/th05_R_08_1.ogg
破邪的小太刀,幺乐团的历史 vol.5,https://upload.thbwiki.cc/4/42/th05_R_08_2.ogg
碎月,东方萃梦想,https://upload.thbwiki.cc/0/0c/TFM-001b_17.mp3
碎月,幻想曲拔萃,https://upload.thbwiki.cc/9/93/TFM-003A_11.mp3
碎月,东方绯想天,
碎月,全人类的天乐录,
神代矿石,东方虹龙洞,https://upload.thbwiki.cc/4/44/th18_09.mp3
神圣庄严的古战场　～ Suwa Foughten Field,东方风神录,https://upload.thbwiki.cc/c/ce/th10_13.mp3
神圣庄严的古战场　～ Suwa Foughten Field,东方刚欲异闻,https://upload.thbwiki.cc/0/01/TFM-010a_11.mp3
神圣庄严的古战场　～ Suwa Foughten Field,贪欲之兽的音乐,
神域的捉迷藏生活,东方三月精O,https://upload.thbwiki.cc/4/4f/OSP01_01.mp3
神明降下恩惠之雨　～ Sylphid Dream,东方风神录,https://upload.thbwiki.cc/5/5f/th10_17.mp3
神社,东方怪绮谈,https://upload.thbwiki.cc/7/74/ha02_18.mp3
神社,幺乐团的历史 vol.2,https://upload.thbwiki.cc/a/ac/th05_18_26.ogg
神社的新风,东方神灵庙,https://upload.thbwiki.cc/9/9b/th13_16.mp3
神秘的人偶　～ God Knows,稀翁玉,https://upload.thbwiki.cc/1/15/SE02_10.mp3
神秘的人偶　～ God Knows,蓬莱人形,https://upload.thbwiki.cc/0/03/sh02_10.mp3
神篱，如紫色火焰般燃烧,东方封魔录,https://upload.thbwiki.cc/8/8b/th02_05_MIDI.mp3
神篱，如紫色火焰般燃烧,东方怪绮谈,https://upload.thbwiki.cc/d/da/ha03_08.mp3
神篱，如紫色火焰般燃烧,幺乐团的历史 vol.3,https://upload.thbwiki.cc/e/ee/th02_05_FM.ogg
神话幻想　～ Infinite Being,东方怪绮谈,https://upload.thbwiki.cc/8/80/th5_15.mp3
神话幻想　～ Infinite Being,东方幻想的音乐,https://upload.thbwiki.cc/b/b5/ha02_15.mp3
神话幻想　～ Infinite Being,东方幻想怀古曲,https://upload.thbwiki.cc/5/59/th05_15_26.ogg
神话幻想　～ Infinite Being,幺乐团的历史 vol.2,https://upload.thbwiki.cc/9/93/th05_15_86.ogg
祭司王约翰的黄金境,东方锦上京,https://upload.thbwiki.cc/e/e0/th20_06.mp3
祭司王约翰的黄金境,东方锦上京,
祸机,东方萃梦想,https://upload.thbwiki.cc/5/5d/TFM-001b_11.mp3
祸机,幻想曲拔萃,
禁忌之门对侧，是此世还是彼世,东方天空璋,https://upload.thbwiki.cc/a/a1/th16_10.mp3
禁忌之门对侧，是此世还是彼世,七夕坂梦幻能,https://upload.thbwiki.cc/c/c6/hr12_03.mp3
禁忌的膜壁,燕石博物志,https://upload.thbwiki.cc/c/ce/hr09_08.mp3
禁忌的魔法　～ Forbidden Magic,东方怪绮谈,https://upload.thbwiki.cc/8/83/th5_09.mp3
禁忌的魔法　～ Forbidden Magic,东方幻想的音乐,https://upload.thbwiki.cc/7/76/ha02_09.mp3
禁忌的魔法　～ Forbidden Magic,东方幻想怀古曲,https://upload.thbwiki.cc/6/66/th05_09_26.ogg
禁忌的魔法　～ Forbidden Magic,幺乐团的历史 vol.2,https://upload.thbwiki.cc/7/78/th05_09_86.ogg
秋霜玉　～ Clockworks,秋霜玉,https://upload.thbwiki.cc/8/86/SE01_01.mp3
秋霜玉　～ Clockworks,东方幻想的音乐,https://upload.thbwiki.cc/c/c3/ssg_01.mp3
科学世纪的少年少女,梦违科学世纪,https://upload.thbwiki.cc/e/ef/hr03_05.mp3
秘境的人鱼,东方辉针城,https://upload.thbwiki.cc/0/0a/th14_03.mp3
秘境的人鱼,东方辉针城,https://upload.thbwiki.cc/4/4c/th14.3_06.mp3
秘境的人鱼,弹幕天邪鬼,
秘神摩多罗　～ Hidden Star in All Seasons.,东方天空璋,https://upload.thbwiki.cc/b/b0/th16_15.mp3
秘神摩多罗　～ Hidden Star in All Seasons.,东方刚欲异闻,https://upload.thbwiki.cc/a/ae/th175_24.mp3
稀客,东方萃梦想,https://upload.thbwiki.cc/0/02/TFM-001b_09.mp3
稀客,幻想曲拔萃,
稀翁玉　～ Fairy Dance,稀翁玉,https://upload.thbwiki.cc/6/62/SE02_01.mp3
稀翁玉　～ Fairy Dance,稀翁玉,https://upload.thbwiki.cc/2/2f/sh02_01.mp3
空中的归路　～ Sky Dream,东方星莲船,https://upload.thbwiki.cc/b/b6/th12_17.mp3
空中飘浮的物体Ｘ,东方非想天则,https://upload.thbwiki.cc/2/27/TFM-004_09.mp3
空中飘浮的物体Ｘ,核热造神非想天则,
空中飞翔的巫女不可思议的每天,蓬莱人形,https://upload.thbwiki.cc/d/d7/hr01_13.mp3
童祭　～ Innocent Treasures,梦违科学世纪,https://upload.thbwiki.cc/6/66/hr03_01.mp3
童祭　～ Innocent Treasures,东方外来韦编,https://upload.thbwiki.cc/0/0a/SCoOW03_01.mp3
竹取飞翔　～ Lunatic Princess,东方永夜抄,https://upload.thbwiki.cc/c/c8/th08_15.mp3
竹取飞翔　～ Lunatic Princess,东方紫香花,https://upload.thbwiki.cc/2/26/th08_15_SC88Pro.mp3
竹取飞翔　～ Lunatic Princess,卯酉东海道,https://upload.thbwiki.cc/2/2b/TORA-00009_01.mp3
竹林大火,东方深秘录,https://upload.thbwiki.cc/b/b9/TFM-007a_12.mp3
竹林大火,深秘乐曲集,https://upload.thbwiki.cc/5/51/TFM-008_02.mp3
竹林大火,东方深秘录,
竹林大火,深秘乐曲集·补,
竹林大火,东方凭依华,
第100次黑市,弹幕狂们的黑市,https://upload.thbwiki.cc/f/fe/th18.5_06.mp3
第六十年的东方审判　～ Fate of Sixty Years,东方花映塚,https://upload.thbwiki.cc/1/12/th09_15.mp3
第六十年的东方审判　～ Fate of Sixty Years,东方紫香花,https://upload.thbwiki.cc/3/38/TORA-00009_13.mp3
第六十年的东方审判　～ Fate of Sixty Years,伊奘诺物质,https://upload.thbwiki.cc/0/00/hr08_04.mp3
红响曲　～ Scarlet Phoneme,东方幻想乡,https://upload.thbwiki.cc/0/0f/ha01a_06.mp3
红响曲　～ Scarlet Phoneme,东方怪绮谈,https://upload.thbwiki.cc/7/78/th04_06_26.ogg
红响曲　～ Scarlet Phoneme,幺乐团的历史 vol.1,https://upload.thbwiki.cc/d/d6/th04_06_86.ogg
红夜,东方萃梦想,https://upload.thbwiki.cc/f/f9/TFM-001b_05.mp3
红夜,幻想曲拔萃,
红楼　～ Eastern Dream...,东方红魔乡,https://upload.thbwiki.cc/d/de/th06_17.mp3
绯想天,东方绯想天,https://upload.thbwiki.cc/c/c0/TFM-003O_01.mp3
绯想天,东方绯想天,https://upload.thbwiki.cc/2/25/TFM-003A_01.mp3
绯想天,全人类的天乐录,
绯想天,全人类的天乐录,
绯红的少女　～ Crimson Dead!!,东方怪绮谈,https://upload.thbwiki.cc/d/dd/th5_10.mp3
绯红的少女　～ Crimson Dead!!,东方幻想的音乐,https://upload.thbwiki.cc/f/f0/ha02_10.mp3
绯红的少女　～ Crimson Dead!!,东方幻想怀古曲,https://upload.thbwiki.cc/4/45/th05_10_26.ogg
绯红的少女　～ Crimson Dead!!,幺乐团的历史 vol.2,https://upload.thbwiki.cc/2/2f/th05_10_86.ogg
绵月的符卡　～ Lunatic Blue,东方儚月抄（漫画）,https://upload.thbwiki.cc/2/2e/SSiB_02.mp3
绵月的符卡　～ Lunatic Blue,东方锦上京,https://upload.thbwiki.cc/e/e3/th20_11.mp3
绿意盎然的疗养院,伊奘诺物质,https://upload.thbwiki.cc/3/3f/hr08_01.mp3
绿眼的嫉妒,东方地灵殿,https://upload.thbwiki.cc/2/25/th11_05.mp3
绿眼的嫉妒,东方地灵殿,
背叛的少女　～ Judas Kiss,东方怪绮谈,https://upload.thbwiki.cc/b/b9/th5_11.mp3
背叛的少女　～ Judas Kiss,东方幻想的音乐,https://upload.thbwiki.cc/e/e0/ha02_11.mp3
背叛的少女　～ Judas Kiss,东方幻想怀古曲,https://upload.thbwiki.cc/f/f7/th05_11_26.ogg
背叛的少女　～ Judas Kiss,幺乐团的历史 vol.2,https://upload.thbwiki.cc/4/4a/th05_11_86.ogg
胜利对话,东方梦时空,https://upload.thbwiki.cc/a/a8/ha04_10.mp3
胜利对话,东方怪绮谈,https://upload.thbwiki.cc/5/58/th03_WIN.ogg
胜利对话,幺乐团的历史 vol.4,https://upload.thbwiki.cc/5/56/th05_Y_20.ogg
能源黎明　～ Future Dream...,东方地灵殿,https://upload.thbwiki.cc/e/e0/th11_17.mp3
芥川龙之介的河童　～ Candid Friend,东方风神录,https://upload.thbwiki.cc/4/4e/th10_07.mp3
芥川龙之介的河童　～ Candid Friend,东方风神录,https://upload.thbwiki.cc/2/26/TFM-006a_09.mp3
芥川龙之介的河童　～ Candid Friend,东方心绮楼,https://upload.thbwiki.cc/5/5e/TFM-006b_10.mp3
芥川龙之介的河童　～ Candid Friend,东方心绮楼,https://upload.thbwiki.cc/c/c3/TFM-006b_17.mp3
芥川龙之介的河童　～ Candid Friend,暗黑能乐集心绮楼,https://upload.thbwiki.cc/9/91/TFM-007b_07.mp3
芥川龙之介的河童　～ Candid Friend,暗黑能乐集心绮楼,
芥川龙之介的河童　～ Candid Friend,暗黑能乐集心绮楼,
芥川龙之介的河童　～ Candid Friend,东方深秘录,
芥川龙之介的河童　～ Candid Friend,深秘乐曲集,
芥川龙之介的河童　～ Candid Friend,东方凭依华,
花如幻想一般,东方花映塚,https://upload.thbwiki.cc/8/80/th09_18.mp3
花映塚　～ Higan Retour,东方花映塚,https://upload.thbwiki.cc/6/67/th09_01.mp3
花映塚　～ Higan Retour,东方文花帖（书籍）,https://upload.thbwiki.cc/5/51/th09_00_SC88Pro.mp3
花映塚　～ Higan Retour,东方花映塚,https://upload.thbwiki.cc/7/72/BAiJR_03.mp3
萃梦想,东方萃梦想,https://upload.thbwiki.cc/2/26/TFM-001b_01.mp3
萃梦想,东方萃梦想,https://upload.thbwiki.cc/8/81/TFM-004_02.mp3
萃梦想,幻想曲拔萃,
萃梦想,东方非想天则,
萃梦想,核热造神非想天则,
落日映照下的逆城,东方凭依华,https://upload.thbwiki.cc/3/36/TFM-009b_05.mp3
落日映照下的逆城,完全凭依唱片名录,
蓬莱传说,蓬莱人形,https://upload.thbwiki.cc/d/dc/hr01_01.mp3
蓬莱幻想　～ far East,秋霜玉,https://upload.thbwiki.cc/8/87/zun_006.mp3
蓬莱幻想　～ far East,东方幻想的音乐,
薛定谔的怪猫,燕石博物志,https://upload.thbwiki.cc/2/2b/hr09_06.mp3
虎纹的毘沙门天,东方星莲船,https://upload.thbwiki.cc/e/e0/th12_11.mp3
虹色的世界,东方虹龙洞,https://upload.thbwiki.cc/e/e9/th18_17.mp3
虹色的世界,弹幕狂们的黑市,https://upload.thbwiki.cc/e/e9/th18_17.mp3
蠢蠢的秋月　～ Mooned Insect,东方永夜抄,https://upload.thbwiki.cc/6/66/th08_03.mp3
蠢蠢的秋月　～ Mooned Insect,东方永夜抄,https://upload.thbwiki.cc/9/90/th08_03_SC88Pro.mp3
行云流水,东方凭依华,https://upload.thbwiki.cc/2/2b/TFM-009a_18.mp3
行云流水,完全凭依唱片名录,
被封印的众神,东方风神录,https://upload.thbwiki.cc/8/84/th10_01.mp3
被封印的众神,东方风神录,
被封印的妖怪　～ Lost Place,东方地灵殿,https://upload.thbwiki.cc/b/b5/th11_03.mp3
被封印的妖怪　～ Lost Place,东方地灵殿,https://upload.thbwiki.cc/b/bb/TFM-010a_07.mp3
被封印的妖怪　～ Lost Place,东方刚欲异闻,
被封印的妖怪　～ Lost Place,东方刚欲异闻,
被封印的妖怪　～ Lost Place,贪欲之兽的音乐,
被揭晓的深秘,东方深秘录,https://upload.thbwiki.cc/4/4a/TFM-007a_18.mp3
被揭晓的深秘,深秘乐曲集,https://upload.thbwiki.cc/4/45/TFM-007b_15.mp3
被揭晓的深秘,深秘乐曲集,
被水淹没的沉愁地狱,东方刚欲异闻,https://upload.thbwiki.cc/6/65/TFM-010a_01.mp3
被水淹没的沉愁地狱,东方刚欲异闻,https://upload.thbwiki.cc/e/eb/TFM-010b_12.mp3
被水淹没的沉愁地狱,东方刚欲异闻,
被水淹没的沉愁地狱,贪欲之兽的音乐,
被水淹没的沉愁地狱,贪欲之兽的音乐,
被牛引到善光寺,伊奘诺物质,https://upload.thbwiki.cc/a/a0/hr08_02.mp3
被秘匿的四个季节,东方天空璋,https://upload.thbwiki.cc/8/8c/th16_13.mp3
被秘匿的四个季节,秘封噩梦日记,https://upload.thbwiki.cc/7/75/th16.5_08.mp3
被秘匿的四个季节,七夕坂梦幻能,https://upload.thbwiki.cc/f/f0/hr12_10.mp3
装饰战　～ Decoration Battle,东方幻想乡,https://upload.thbwiki.cc/2/28/ha01a_04.mp3
装饰战　～ Decoration Battle,东方怪绮谈,https://upload.thbwiki.cc/2/2e/ha01b_14.mp3
装饰战　～ Decoration Battle,幺乐团的历史 vol.1,https://upload.thbwiki.cc/7/72/th04_04_26.ogg
装饰战　～ Decoration Battle,幺乐团的历史 vol.1,https://upload.thbwiki.cc/7/72/th04_04_86.ogg
识文解意的爱书人,东方铃奈庵,https://upload.thbwiki.cc/e/e5/FS01_01.mp3
请注意万年备用伞,东方星莲船,https://upload.thbwiki.cc/9/9f/th12_05.mp3
请注意万年备用伞,东方星莲船,https://upload.thbwiki.cc/3/36/TFM-010a_06.mp3
请注意万年备用伞,东方刚欲异闻,
请注意万年备用伞,东方刚欲异闻,
请注意万年备用伞,东方刚欲异闻,
请注意万年备用伞,贪欲之兽的音乐,
豪言壮语,东方凭依华,https://upload.thbwiki.cc/a/a4/TFM-009b_04.mp3
豪言壮语,完全凭依唱片名录,
贪欲之兽的记忆,东方刚欲异闻,https://upload.thbwiki.cc/9/9a/TFM-010b_07.mp3
贪欲之兽的记忆,贪欲之兽的音乐,https://upload.thbwiki.cc/3/36/TFM-010b_11.mp3
贪欲之兽的记忆,贪欲之兽的音乐,https://upload.thbwiki.cc/3/3a/th19_20.mp3
贪欲之兽的记忆,东方兽王园,
赌上性命去恶作剧,妖精大战争,https://upload.thbwiki.cc/e/e5/th12.8_03.mp3
赌上性命去恶作剧,东方三月精O,https://upload.thbwiki.cc/a/a5/OSP03_02.mp3
走在夜晚的莲台野,莲台野夜行,https://upload.thbwiki.cc/9/99/hr02_01.mp3
越轨者们的无碍光　～ Kingdom of Nothingness.,东方兽王园,https://upload.thbwiki.cc/9/9b/th19_09.mp3
轮椅上的未来宇宙,大空魔术,https://upload.thbwiki.cc/0/02/hr05_04.mp3
辉光之针的小人族　～ Little Princess,东方辉针城,https://upload.thbwiki.cc/0/0c/th14_13.mp3
辉光之针的小人族　～ Little Princess,东方深秘录,https://upload.thbwiki.cc/c/cf/TFM-007b_12.mp3
辉光之针的小人族　～ Little Princess,深秘乐曲集,https://upload.thbwiki.cc/9/90/TFM-009c_04.mp3
辉光之针的小人族　～ Little Princess,东方凭依华,
辉光之针的小人族　～ Little Princess,完全凭依唱片名录,
过去的花　～ Fairy of Flower,莲台野夜行,https://upload.thbwiki.cc/a/ad/hr02_08.mp3
迈向生死更迭的世界,东方锦上京,https://upload.thbwiki.cc/4/43/th20_16.mp3
远野之森,东方封魔录,https://upload.thbwiki.cc/c/c2/th02_12_MIDI.mp3
远野之森,东方怪绮谈,https://upload.thbwiki.cc/e/e1/ha03_14.mp3
远野之森,幺乐团的历史 vol.3,https://upload.thbwiki.cc/1/1f/th02_12_FM.ogg
远野幻想物语,东方妖妖梦,https://upload.thbwiki.cc/7/72/th07_04.mp3
远野幻想物语,东方妖妖梦,https://upload.thbwiki.cc/3/3b/th07_04_SC88Pro.mp3
连带责人,东方凭依华,https://upload.thbwiki.cc/3/34/TFM-009a_05.mp3
连带责人,完全凭依唱片名录,
逆转的命运之轮,东方绀珠传,https://upload.thbwiki.cc/d/de/th15_09.mp3
通往真相的枝叶,东方凭依华,https://upload.thbwiki.cc/9/98/TFM-009b_01.mp3
通往真相的枝叶,完全凭依唱片名录,
遍参,东方萃梦想,https://upload.thbwiki.cc/3/31/TFM-001a_01.mp3
遍参,幻想曲拔萃,
遥遥38万公里的航程,东方绀珠传,https://upload.thbwiki.cc/6/61/th15_10.mp3
酒鬼的雷姆利亚,黄昏酒场,https://upload.thbwiki.cc/b/b5/UB_06.mp3
酒鬼的雷姆利亚,东方儚月抄（漫画）,https://upload.thbwiki.cc/0/0d/SSiB_03.mp3
酒鬼的雷姆利亚,东方外来韦编,https://upload.thbwiki.cc/7/77/SCoOW03_03.mp3
野兽有智慧吗,东方兽王园,https://upload.thbwiki.cc/2/20/th19_22.mp3
金字塔的神域,东方锦上京,https://upload.thbwiki.cc/3/36/th20_13.mp3
针小棒大的天守阁,东方辉针城,https://upload.thbwiki.cc/e/e8/th14_12.mp3
锦上巫女,东方锦上京,https://upload.thbwiki.cc/9/97/th20_01.mp3
锦上巫女,东方锦上京,
门再也进不去了,东方天空璋,https://upload.thbwiki.cc/9/97/th16_14.mp3
门再也进不去了,东方刚欲异闻,https://upload.thbwiki.cc/2/20/th175_23.mp3
闪耀的弱肉强食法则,东方鬼形兽,https://upload.thbwiki.cc/b/bd/th17_14.mp3
间奏曲,东方萃梦想,https://upload.thbwiki.cc/8/8c/TFM-001a_07.mp3
间奏曲,幻想曲拔萃,
阻绝人迹之桥,东方地灵殿,https://upload.thbwiki.cc/7/7f/th11_04.mp3
阻绝人迹之桥,东方地灵殿,
阿加尔塔之风,伊奘诺物质,https://upload.thbwiki.cc/7/7f/hr08_05.mp3
阿礼的孩子,东方求闻史纪,https://upload.thbwiki.cc/3/3f/PMiSS_02.mp3
陶瓷的杖刀人,东方鬼形兽,https://upload.thbwiki.cc/7/75/th17_11.mp3
雪月樱花之国,东方三月精S,https://upload.thbwiki.cc/3/38/SaBND01_02.mp3
震撼心灵的都市传说,东方深秘录,https://upload.thbwiki.cc/d/db/TFM-007a_01.mp3
震撼心灵的都市传说,东方深秘录,
震撼心灵的都市传说,深秘乐曲集,
青木原的传说,卯酉东海道,https://upload.thbwiki.cc/0/05/hr04_05.mp3
青空之影,东方星莲船,https://upload.thbwiki.cc/9/96/th12_01.mp3
青空之影,东方星莲船,
非常非常神奇的道具们,东方辉针城,https://upload.thbwiki.cc/c/c5/th14_17.mp3
非统一魔法世界论,东方梦时空,https://upload.thbwiki.cc/0/05/ha04_12.mp3
非统一魔法世界论,东方怪绮谈,https://upload.thbwiki.cc/4/4c/th03_13.ogg
非统一魔法世界论,幺乐团的历史 vol.4,https://upload.thbwiki.cc/6/6e/th05_Y_13.ogg
风之神社,东方灵异传,https://upload.thbwiki.cc/9/95/%E9%A2%A8%E3%81%AE%E7%A5%9E%E7%A4%BE.mp3
风光明媚,东方绯想天,https://upload.thbwiki.cc/f/f6/TFM-003O_05.mp3
风光明媚,全人类的天乐录,
风光明媚,东方非想天则,
风暴过后的星期日,东方虹龙洞,https://upload.thbwiki.cc/d/da/th18_16.mp3
风的循环　～ Wind Tour,东方文花帖,https://upload.thbwiki.cc/b/b8/th09.5_02.mp3
风神少女,东方文花帖（书籍）,https://upload.thbwiki.cc/4/47/BAiJR_01.mp3
风神少女,东方花映塚,https://upload.thbwiki.cc/e/e9/th09_11.mp3
风神少女,东方文花帖,https://upload.thbwiki.cc/5/53/th09.5_06.mp3
风神少女,东方绯想天,https://upload.thbwiki.cc/0/09/TFM-003A_13.mp3
风神少女,全人类的天乐录,
飘上月球，不死之烟,东方永夜抄,https://upload.thbwiki.cc/b/bc/th08_18.mp3
飘上月球，不死之烟,卯酉东海道,https://upload.thbwiki.cc/0/0d/th08_18_SC88Pro.mp3
飘上月球，不死之烟,东方深秘录,https://upload.thbwiki.cc/f/f1/hr04_07.mp3
飘上月球，不死之烟,深秘乐曲集,https://upload.thbwiki.cc/6/6e/TFM-007b_11.mp3
飘上月球，不死之烟,东方凭依华,
飞翔于宇宙的不可思议巫女,东方绀珠传,https://upload.thbwiki.cc/f/f4/th15_06.mp3
飞翔于宇宙的不可思议巫女,东方绀珠传,
飞翔在夜晚的鸠山,Neo Gian,https://upload.thbwiki.cc/5/51/zun_-_%E5%A4%9C%E3%81%AE%E9%B3%A9%E5%B1%B1%E3%82%92%E9%A3%9B%E3%81%B6.mp3
飞翔在夜晚的鸠山,东方书谱,https://upload.thbwiki.cc/8/8d/PMiSS_03.mp3
飞翔在夜晚的鸠山,东方求闻史纪,
飞舞的水飞沫,东方绯想天,https://upload.thbwiki.cc/7/77/TFM-003O_07.mp3
飞舞的水飞沫,东方绯想天,
飞舞的水飞沫,全人类的天乐录,
飞舞飘散的凭依华吹雪,东方凭依华,https://upload.thbwiki.cc/c/cd/TFM-009b_16.mp3
飞舞飘散的凭依华吹雪,完全凭依唱片名录,
驹草盛开的万年积雪,东方虹龙洞,https://upload.thbwiki.cc/c/c9/th18_06.mp3
驹草盛开的万年积雪,东方虹龙洞,
魂之花　～ Another Dream...,东方花映塚,https://upload.thbwiki.cc/2/20/th09_19.mp3
魔兽紧急升空,东方兽王园,https://upload.thbwiki.cc/6/66/th19_03.mp3
魔兽紧急升空,东方兽王园,
魔力的雷云,东方辉针城,https://upload.thbwiki.cc/4/45/th14_14.mp3
魔女们的舞会　～ Magus,秋霜玉,https://upload.thbwiki.cc/f/fc/SE01_17.mp3
魔女们的舞会　～ Magus,东方幻想的音乐,https://upload.thbwiki.cc/b/b9/ssg_17.mp3
魔女们的舞会　～ Magus,东方萃梦想,https://upload.thbwiki.cc/3/36/TFM-001b_04.mp3
魔女们的舞会　～ Magus,幻想曲拔萃,
魔所,东方萃梦想,https://upload.thbwiki.cc/3/3b/TFM-001a_09.mp3
魔所,幻想曲拔萃,
魔术师梅莉,莲台野夜行,https://upload.thbwiki.cc/6/6c/hr02_06.mp3
魔法使的忧郁,The Grimoire of Marisa,https://upload.thbwiki.cc/4/47/GoM_01.mp3
魔法使的忧郁,东方刚欲异闻,https://upload.thbwiki.cc/b/b1/TFM-010a_02.mp3
魔法使的忧郁,东方刚欲异闻,
魔法使的忧郁,东方刚欲异闻,
魔法使的忧郁,贪欲之兽的音乐,
魔法决战！　～ Fight it out!,东方梦时空,https://upload.thbwiki.cc/a/a1/ha04_11.mp3
魔法决战！　～ Fight it out!,东方怪绮谈,https://upload.thbwiki.cc/e/ea/th03_10.ogg
魔法决战！　～ Fight it out!,东方幻想怀古曲,https://upload.thbwiki.cc/8/85/th05_Y_10.ogg
魔法决战！　～ Fight it out!,幺乐团的历史 vol.4,https://upload.thbwiki.cc/f/f6/thgs03_10.ogg
魔法少女们的百年祭,东方红魔乡,https://upload.thbwiki.cc/b/b7/th06_14.mp3
魔法少女们的百年祭,东方刚欲异闻,https://upload.thbwiki.cc/3/3c/th06_14_SC88Pro.mp3
魔法少女们的百年祭,贪欲之兽的音乐,https://upload.thbwiki.cc/4/4b/TFM-010b_04.mp3
魔法少女十字军,秋霜玉,https://upload.thbwiki.cc/4/47/SE01_11.mp3
魔法少女十字军,东方幻想的音乐,https://upload.thbwiki.cc/9/9a/ssg_11.mp3
魔法少女十字军,东方幻想的音乐,https://upload.thbwiki.cc/c/c9/zun_mgcr.mp3
魔法少女十字军,莲台野夜行,https://upload.thbwiki.cc/6/62/hr02_09.mp3
魔法的笠地藏,东方天空璋,https://upload.thbwiki.cc/c/c9/th16_09.mp3
魔法钟爱,东方梦时空,https://upload.thbwiki.cc/7/77/ha04_14.mp3
魔法钟爱,东方怪绮谈,https://upload.thbwiki.cc/b/b5/th03_14.ogg
魔法钟爱,幺乐团的历史 vol.4,https://upload.thbwiki.cc/9/9b/th05_Y_14.ogg
魔法阵　～ Magic Square,东方怪绮谈,https://upload.thbwiki.cc/c/c8/ha02_03.mp3
魔法阵　～ Magic Square,东方幻想怀古曲,https://upload.thbwiki.cc/0/07/th05_03_26.ogg
魔法阵　～ Magic Square,幺乐团的历史 vol.2,https://upload.thbwiki.cc/c/c8/th05_03_86.ogg
魔界地方都市秘境,东方星莲船,https://upload.thbwiki.cc/6/6a/th12_10.mp3
魔界地方都市秘境,旧约酒馆,https://upload.thbwiki.cc/8/8c/hr10_08.mp3
魔镜,东方灵异传,https://upload.thbwiki.cc/6/64/%E9%AD%94%E9%8F%A1%EF%BC%88%E5%9C%B0%E7%8D%84%E3%83%AB%E3%83%BC%E3%83%88%EF%BC%89.mp3
魔镜,东方怪绮谈,https://upload.thbwiki.cc/e/e9/%E9%AD%94%E9%8F%A1%EF%BC%88%E9%AD%94%E7%95%8C%E3%83%AB%E3%83%BC%E3%83%88%EF%BC%89.mp3
魔镜,东方幻想怀古曲,https://upload.thbwiki.cc/1/1d/ha05_09.mp3
魔镜,幺乐团的历史 vol.5,https://upload.thbwiki.cc/c/cb/th05_R_09_1.ogg
鸢尾花,东方灵异传,https://upload.thbwiki.cc/9/94/%E3%82%A2%E3%82%A4%E3%83%AA%E3%82%B9.mp3
鸢尾花,东方怪绮谈,https://upload.thbwiki.cc/f/fe/th1_14.mp3
鸢尾花,东方幻想的音乐,https://upload.thbwiki.cc/d/df/ha05_14.mp3
鸢尾花,幺乐团的历史 vol.5,https://upload.thbwiki.cc/5/5f/th05_R_14_1.ogg
黑市无处不在,弹幕狂们的黑市,https://upload.thbwiki.cc/3/32/th18.5_04.mp3
黑暗的力量,东方封魔录,https://upload.thbwiki.cc/e/e9/th02_08_MIDI.mp3
黑暗的力量,东方怪绮谈,https://upload.thbwiki.cc/b/b3/ha03_05.mp3
黑暗的力量,幺乐团的历史 vol.3,https://upload.thbwiki.cc/3/3c/th02_08_FM.ogg
黑海中的绯红　～ Legendary Fish,东方绯想天,https://upload.thbwiki.cc/6/65/TFM-003O_13.mp3
黑海中的绯红　～ Legendary Fish,全人类的天乐录,https://upload.thbwiki.cc/7/7f/TFM-003A_15.mp3
黑海中的绯红　～ Legendary Fish,全人类的天乐录,
